Date,Session,Total_Signals,BUY_Signals,SELL_Signals,Total_Deals,Win,Loss,WinRate_%,PnL,End_Balance
2026-05-04,NY,0,0,0,0,0,0,0.0,0.0000,10000.00
2026-05-01,NY,181,181,0,145,90,55,62.1,42.8000,10042.80
2026-05-04,NY,0,0,0,0,0,0,0.0,0.0000,10000.00
2026-05-01,NY,6,6,0,0,0,0,0.0,0.0000,10000.00
2026-05-04,NY,0,0,0,0,0,0,0.0,0.0000,10000.00
2026-05-01,NY,0,0,0,0,0,0,0.0,0.0000,10000.00
2026-05-04,NY,0,0,0,0,0,0,0.0,0.0000,10000.00
2026-05-01,NY,0,0,0,0,0,0,0.0,0.0000,10000.00
2026-05-04,NY,0,0,0,0,0,0,0.0,0.0000,10000.00
2026-05-01,NY,0,0,0,0,0,0,0.0,0.0000,10000.00
2026-05-05,NY,0,0,0,0,0,0,0.0,0.0000,10000.00
2026-05-04,NY,0,0,0,0,0,0,0.0,0.0000,10000.00
2026-05-04,NY,0,0,0,0,0,0,0.0,0.0000,10000.00
2026-05-05,NY,0,0,0,0,0,0,0.0,0.0000,10000.00
2026-05-04,NY,0,0,0,0,0,0,0.0,0.0000,10000.00
2026-05-05,NY,0,0,0,0,0,0,0.0,0.0000,10000.00
2026-05-04,NY,0,0,0,0,0,0,0.0,0.0000,10000.00
2026-05-05,NY,0,0,0,0,0,0,0.0,0.0000,10000.00
2026-05-04,NY,0,0,0,0,0,0,0.0,0.0000,10000.00
2026-05-05,NY,0,0,0,0,0,0,0.0,0.0000,10000.00
2026-05-05,NY,0,0,0,0,0,0,0.0,0.0000,10000.00
2026-05-06,NY,0,0,0,0,0,0,0.0,0.0000,10000.00
2026-05-05,NY,0,0,0,0,0,0,0.0,0.0000,10000.00
2026-05-06,NY,0,0,0,0,0,0,0.0,0.0000,10000.00
2026-05-05,NY,0,0,0,0,0,0,0.0,0.0000,10000.00
2026-05-06,NY,0,0,0,0,0,0,0.0,0.0000,10000.00
2026-05-05,NY,0,0,0,0,0,0,0.0,0.0000,10000.00
2026-05-06,NY,0,0,0,0,0,0,0.0,0.0000,10000.00
2026-05-05,NY,0,0,0,0,0,0,0.0,0.0000,10000.00
2026-05-06,NY,0,0,0,0,0,0,0.0,0.0000,10000.00
2026-05-06,NY,0,0,0,0,0,0,0.0,0.0000,10000.00
2026-05-07,NY,0,0,0,0,0,0,0.0,0.0000,10000.00
2026-05-06,NY,0,0,0,0,0,0,0.0,0.0000,10000.00
2026-05-07,NY,0,0,0,0,0,0,0.0,0.0000,10000.00
2026-05-06,NY,0,0,0,0,0,0,0.0,0.0000,10000.00
2026-05-06,NY,0,0,0,0,0,0,0.0,0.0000,10000.00
2026-05-07,NY,0,0,0,0,0,0,0.0,0.0000,10000.00
2026-05-06,NY,0,0,0,0,0,0,0.0,0.0000,10000.00
2026-05-07,NY,0,0,0,0,0,0,0.0,0.0000,10000.00
2026-05-07,NY,0,0,0,0,0,0,0.0,0.0000,10000.00
2026-05-07,NY,0,0,0,0,0,0,0.0,0.0000,10000.00
2026-05-01,NY,0,0,0,0,0,0,0.0,0.0000,10000.00
2026-05-01,NY,0,0,0,0,0,0,0.0,0.0000,10000.00
2026-05-01,NY,0,0,0,0,0,0,0.0,0.0000,10000.00
2026-05-01,NY,0,0,0,0,0,0,0.0,0.0000,10000.00
2026-05-01,NY,0,0,0,0,0,0,0.0,0.0000,10000.00
2026-05-01,NY,198,198,0,168,135,33,80.4,136.5000,10136.50
2026-05-01,NY,6,6,0,0,0,0,0.0,0.0000,10000.00
2026-05-01,NY,0,0,0,0,0,0,0.0,0.0000,10000.00
2026-05-01,NY,198,198,0,168,135,33,80.4,136.5000,10136.50
2026-05-01,NY,0,0,0,0,0,0,0.0,0.0000,10000.00
2026-05-01,NY,0,0,0,0,0,0,0.0,0.0000,10000.00
2026-05-01,NY,6,6,0,0,0,0,0.0,0.0000,10000.00
2026-05-01,NY,198,198,0,168,135,33,80.4,136.5000,10136.50
2026-05-01,NY,6,6,0,0,0,0,0.0,0.0000,10000.00
2026-05-01,NY,0,0,0,0,0,0,0.0,0.0000,10000.00
2026-05-01,NY,0,0,0,0,0,0,0.0,0.0000,10000.00
2026-05-01,NY,0,0,0,0,0,0,0.0,0.0000,10000.00
2026-05-01,NY,0,0,0,0,0,0,0.0,0.0000,10000.00
2026-05-04,NY,0,0,0,0,0,0,0.0,0.0000,10000.00
2026-05-04,NY,0,0,0,0,0,0,0.0,0.0000,10000.00
2026-05-04,NY,0,0,0,0,0,0,0.0,0.0000,10000.00
2026-05-04,NY,0,0,0,0,0,0,0.0,0.0000,10000.00
2026-05-04,NY,0,0,0,0,0,0,0.0,0.0000,10000.00
2026-05-05,NY,0,0,0,0,0,0,0.0,0.0000,10000.00
2026-05-05,NY,0,0,0,0,0,0,0.0,0.0000,10000.00
2026-05-05,NY,0,0,0,0,0,0,0.0,0.0000,10000.00
2026-05-05,NY,0,0,0,0,0,0,0.0,0.0000,10000.00
2026-05-05,NY,0,0,0,0,0,0,0.0,0.0000,10000.00
2026-05-06,NY,0,0,0,0,0,0,0.0,0.0000,10000.00
2026-05-06,NY,0,0,0,0,0,0,0.0,0.0000,10000.00
2026-05-06,NY,0,0,0,0,0,0,0.0,0.0000,10000.00
2026-05-01,NY,0,0,0,0,0,0,0.0,0.0000,10000.00
2026-05-06,NY,0,0,0,0,0,0,0.0,0.0000,10000.00
2026-05-06,NY,0,0,0,0,0,0,0.0,0.0000,10000.00
2026-05-01,NY,198,198,0,168,135,33,80.4,136.5000,10136.50
2026-05-01,NY,6,6,0,0,0,0,0.0,0.0000,10000.00
2026-05-01,NY,0,0,0,0,0,0,0.0,0.0000,10000.00
2026-05-01,NY,0,0,0,0,0,0,0.0,0.0000,10000.00
2026-05-01,NY,198,198,0,168,135,33,80.4,136.5000,10136.50
2026-05-01,NY,0,0,0,0,0,0,0.0,0.0000,10000.00
2026-05-07,NY,0,0,0,0,0,0,0.0,0.0000,10000.00
2026-05-01,NY,6,6,0,0,0,0,0.0,0.0000,10000.00
2026-05-01,NY,0,0,0,0,0,0,0.0,0.0000,10000.00
2026-05-01,NY,0,0,0,0,0,0,0.0,0.0000,10000.00
2026-05-01,NY,0,0,0,0,0,0,0.0,0.0000,10000.00
2026-05-07,NY,0,0,0,0,0,0,0.0,0.0000,10000.00
2026-05-04,NY,0,0,0,0,0,0,0.0,0.0000,10000.00
2026-05-04,NY,0,0,0,0,0,0,0.0,0.0000,10000.00
2026-05-04,NY,0,0,0,0,0,0,0.0,0.0000,10000.00
2026-05-01,NY,0,0,0,0,0,0,0.0,0.0000,10000.00
2026-05-07,NY,0,0,0,0,0,0,0.0,0.0000,10000.00
2026-05-04,NY,0,0,0,0,0,0,0.0,0.0000,10000.00
2026-05-04,NY,0,0,0,0,0,0,0.0,0.0000,10000.00
2026-05-07,NY,0,0,0,0,0,0,0.0,0.0000,10000.00
2026-05-05,NY,0,0,0,0,0,0,0.0,0.0000,10000.00
2026-05-07,NY,0,0,0,0,0,0,0.0,0.0000,10000.00
2026-05-05,NY,0,0,0,0,0,0,0.0,0.0000,10000.00
2026-05-05,NY,0,0,0,0,0,0,0.0,0.0000,10000.00
2026-05-08,NY,0,0,0,0,0,0,0.0,0.0000,10000.00
2026-05-05,NY,0,0,0,0,0,0,0.0,0.0000,10000.00
2026-05-05,NY,0,0,0,0,0,0,0.0,0.0000,10000.00
2026-05-08,NY,0,0,0,0,0,0,0.0,0.0000,10000.00
2026-05-06,NY,0,0,0,0,0,0,0.0,0.0000,10000.00
2026-05-08,NY,0,0,0,0,0,0,0.0,0.0000,10000.00
2026-05-06,NY,0,0,0,0,0,0,0.0,0.0000,10000.00
2026-05-06,NY,0,0,0,0,0,0,0.0,0.0000,10000.00
2026-05-08,NY,0,0,0,0,0,0,0.0,0.0000,10000.00
2026-05-06,NY,0,0,0,0,0,0,0.0,0.0000,10000.00
2026-05-08,NY,0,0,0,0,0,0,0.0,0.0000,10000.00
2026-05-06,NY,0,0,0,0,0,0,0.0,0.0000,10000.00
2026-05-11,NY,0,0,0,0,0,0,0.0,0.0000,10000.00
2026-05-07,NY,0,0,0,0,0,0,0.0,0.0000,10000.00
2026-05-07,NY,0,0,0,0,0,0,0.0,0.0000,10000.00
2026-05-11,NY,0,0,0,0,0,0,0.0,0.0000,10000.00
2026-05-07,NY,0,0,0,0,0,0,0.0,0.0000,10000.00
2026-05-11,NY,0,0,0,0,0,0,0.0,0.0000,10000.00
2026-05-07,NY,0,0,0,0,0,0,0.0,0.0000,10000.00
2026-05-11,NY,0,0,0,0,0,0,0.0,0.0000,10000.00
2026-05-07,NY,0,0,0,0,0,0,0.0,0.0000,10000.00
2026-05-08,NY,0,0,0,0,0,0,0.0,0.0000,10000.00
2026-05-11,NY,0,0,0,0,0,0,0.0,0.0000,10000.00
2026-05-08,NY,0,0,0,0,0,0,0.0,0.0000,10000.00
2026-05-12,NY,0,0,0,0,0,0,0.0,0.0000,10000.00
2026-05-08,NY,0,0,0,0,0,0,0.0,0.0000,10000.00
2026-05-08,NY,0,0,0,0,0,0,0.0,0.0000,10000.00
2026-05-12,NY,0,0,0,0,0,0,0.0,0.0000,10000.00
2026-05-08,NY,0,0,0,0,0,0,0.0,0.0000,10000.00
2026-05-12,NY,0,0,0,0,0,0,0.0,0.0000,10000.00
2026-05-11,NY,0,0,0,0,0,0,0.0,0.0000,10000.00
2026-05-11,NY,0,0,0,0,0,0,0.0,0.0000,10000.00
2026-05-12,NY,0,0,0,0,0,0,0.0,0.0000,10000.00
2026-05-11,NY,0,0,0,0,0,0,0.0,0.0000,10000.00
2026-05-12,NY,0,0,0,0,0,0,0.0,0.0000,10000.00
2026-05-11,NY,0,0,0,0,0,0,0.0,0.0000,10000.00
2026-05-13,NY,58,58,0,15,9,6,60.0,5.2000,10005.20
2026-05-11,NY,0,0,0,0,0,0,0.0,0.0000,10000.00
2026-05-12,NY,0,0,0,0,0,0,0.0,0.0000,10000.00
2026-05-13,NY,7,7,0,3,3,0,100.0,4.2000,10004.20
2026-05-12,NY,0,0,0,0,0,0,0.0,0.0000,10000.00
2026-05-13,NY,0,0,0,0,0,0,0.0,0.0000,10000.00
2026-05-12,NY,0,0,0,0,0,0,0.0,0.0000,10000.00
2026-05-12,NY,0,0,0,0,0,0,0.0,0.0000,10000.00
2026-05-13,NY,0,0,0,0,0,0,0.0,0.0000,10000.00
2026-05-12,NY,0,0,0,0,0,0,0.0,0.0000,10000.00
2026-05-13,NY,0,0,0,0,0,0,0.0,0.0000,10000.00
2026-05-13,NY,58,58,0,15,9,6,60.0,5.2000,10005.20
2026-05-13,NY,7,7,0,3,3,0,100.0,4.2000,10004.20
2026-05-14,NY,0,0,0,0,0,0,0.0,0.0000,10000.00
2026-05-13,NY,0,0,0,0,0,0,0.0,0.0000,10000.00
2026-05-13,NY,0,0,0,0,0,0,0.0,0.0000,10000.00
2026-05-14,NY,0,0,0,0,0,0,0.0,0.0000,10000.00
2026-05-13,NY,0,0,0,0,0,0,0.0,0.0000,10000.00
2026-05-14,NY,0,0,0,0,0,0,0.0,0.0000,10000.00
2026-05-14,NY,0,0,0,0,0,0,0.0,0.0000,10000.00
2026-05-14,NY,0,0,0,0,0,0,0.0,0.0000,10000.00
2026-05-14,NY,0,0,0,0,0,0,0.0,0.0000,10000.00
2026-05-14,NY,0,0,0,0,0,0,0.0,0.0000,10000.00
2026-05-14,NY,0,0,0,0,0,0,0.0,0.0000,10000.00
2026-05-14,NY,0,0,0,0,0,0,0.0,0.0000,10000.00
2026-05-14,NY,0,0,0,0,0,0,0.0,0.0000,10000.00
2026-05-15,NY,0,0,0,0,0,0,0.0,0.0000,10000.00
2026-05-15,NY,0,0,0,0,0,0,0.0,0.0000,10000.00
2026-05-15,NY,0,0,0,0,0,0,0.0,0.0000,10000.00
2026-05-15,NY,0,0,0,0,0,0,0.0,0.0000,10000.00
2026-05-15,NY,0,0,0,0,0,0,0.0,0.0000,10000.00
2026-05-15,NY,0,0,0,0,0,0,0.0,0.0000,10000.00
2026-05-15,NY,0,0,0,0,0,0,0.0,0.0000,10000.00
2026-05-15,NY,0,0,0,0,0,0,0.0,0.0000,10000.00
2026-05-15,NY,0,0,0,0,0,0,0.0,0.0000,10000.00
2026-05-18,NY,0,0,0,0,0,0,0.0,0.0000,10000.00
2026-05-18,NY,0,0,0,0,0,0,0.0,0.0000,10000.00
2026-05-15,NY,0,0,0,0,0,0,0.0,0.0000,10000.00
2026-05-18,NY,0,0,0,0,0,0,0.0,0.0000,10000.00
2026-05-18,NY,0,0,0,0,0,0,0.0,0.0000,10000.00
2026-05-18,NY,0,0,0,0,0,0,0.0,0.0000,10000.00
2026-05-18,NY,0,0,0,0,0,0,0.0,0.0000,10000.00
2026-05-18,NY,0,0,0,0,0,0,0.0,0.0000,10000.00
2026-05-18,NY,0,0,0,0,0,0,0.0,0.0000,10000.00
2026-05-18,NY,0,0,0,0,0,0,0.0,0.0000,10000.00
2026-05-18,NY,0,0,0,0,0,0,0.0,0.0000,10000.00
2026-05-01,ASIAN,0,0,0,0,0,0,0.0,0.0000,10000.00
2026-05-01,ASIAN,0,0,0,0,0,0,0.0,0.0000,10000.00
2026-05-01,ASIAN,0,0,0,0,0,0,0.0,0.0000,10000.00
2026-05-01,ASIAN,0,0,0,0,0,0,0.0,0.0000,10000.00
2026-05-01,ASIAN,0,0,0,0,0,0,0.0,0.0000,10000.00
2026-05-04,ASIAN,0,0,0,0,0,0,0.0,0.0000,10000.00
2026-05-04,ASIAN,0,0,0,0,0,0,0.0,0.0000,10000.00
2026-05-04,ASIAN,0,0,0,0,0,0,0.0,0.0000,10000.00
2026-05-04,ASIAN,0,0,0,0,0,0,0.0,0.0000,10000.00
2026-05-04,ASIAN,0,0,0,0,0,0,0.0,0.0000,10000.00
2026-05-05,ASIAN,0,0,0,0,0,0,0.0,0.0000,10000.00
2026-05-05,ASIAN,0,0,0,0,0,0,0.0,0.0000,10000.00
2026-05-05,ASIAN,0,0,0,0,0,0,0.0,0.0000,10000.00
2026-05-05,ASIAN,0,0,0,0,0,0,0.0,0.0000,10000.00
2026-05-05,ASIAN,0,0,0,0,0,0,0.0,0.0000,10000.00
2026-05-06,ASIAN,0,0,0,0,0,0,0.0,0.0000,10000.00
2026-05-06,ASIAN,0,0,0,0,0,0,0.0,0.0000,10000.00
2026-05-06,ASIAN,0,0,0,0,0,0,0.0,0.0000,10000.00
2026-05-06,ASIAN,0,0,0,0,0,0,0.0,0.0000,10000.00
2026-05-06,ASIAN,0,0,0,0,0,0,0.0,0.0000,10000.00
2026-05-07,ASIAN,0,0,0,0,0,0,0.0,0.0000,10000.00
2026-05-07,ASIAN,0,0,0,0,0,0,0.0,0.0000,10000.00
2026-05-07,ASIAN,0,0,0,0,0,0,0.0,0.0000,10000.00
2026-05-07,ASIAN,0,0,0,0,0,0,0.0,0.0000,10000.00
2026-05-07,ASIAN,0,0,0,0,0,0,0.0,0.0000,10000.00
2026-05-08,ASIAN,0,0,0,0,0,0,0.0,0.0000,10000.00
2026-05-08,ASIAN,0,0,0,0,0,0,0.0,0.0000,10000.00
2026-05-08,ASIAN,0,0,0,0,0,0,0.0,0.0000,10000.00
2026-05-08,ASIAN,0,0,0,0,0,0,0.0,0.0000,10000.00
2026-05-08,ASIAN,0,0,0,0,0,0,0.0,0.0000,10000.00
2026-05-11,ASIAN,0,0,0,0,0,0,0.0,0.0000,10000.00
2026-05-11,ASIAN,0,0,0,0,0,0,0.0,0.0000,10000.00
2026-05-11,ASIAN,0,0,0,0,0,0,0.0,0.0000,10000.00
2026-05-11,ASIAN,0,0,0,0,0,0,0.0,0.0000,10000.00
2026-05-11,ASIAN,0,0,0,0,0,0,0.0,0.0000,10000.00
2026-05-12,ASIAN,0,0,0,0,0,0,0.0,0.0000,10000.00
2026-05-12,ASIAN,0,0,0,0,0,0,0.0,0.0000,10000.00
2026-05-12,ASIAN,0,0,0,0,0,0,0.0,0.0000,10000.00
2026-05-12,ASIAN,0,0,0,0,0,0,0.0,0.0000,10000.00
2026-05-12,ASIAN,0,0,0,0,0,0,0.0,0.0000,10000.00
2026-05-13,ASIAN,0,0,0,0,0,0,0.0,0.0000,10000.00
2026-05-13,ASIAN,0,0,0,0,0,0,0.0,0.0000,10000.00
2026-05-13,ASIAN,0,0,0,0,0,0,0.0,0.0000,10000.00
2026-05-13,ASIAN,0,0,0,0,0,0,0.0,0.0000,10000.00
2026-05-13,ASIAN,0,0,0,0,0,0,0.0,0.0000,10000.00
2026-05-14,ASIAN,0,0,0,0,0,0,0.0,0.0000,10000.00
2026-05-14,ASIAN,0,0,0,0,0,0,0.0,0.0000,10000.00
2026-05-14,ASIAN,0,0,0,0,0,0,0.0,0.0000,10000.00
2026-05-14,ASIAN,0,0,0,0,0,0,0.0,0.0000,10000.00
2026-05-14,ASIAN,0,0,0,0,0,0,0.0,0.0000,10000.00
2026-05-15,ASIAN,0,0,0,0,0,0,0.0,0.0000,10000.00
2026-05-15,ASIAN,0,0,0,0,0,0,0.0,0.0000,10000.00
2026-05-15,ASIAN,0,0,0,0,0,0,0.0,0.0000,10000.00
2026-05-15,ASIAN,0,0,0,0,0,0,0.0,0.0000,10000.00
2026-05-15,ASIAN,0,0,0,0,0,0,0.0,0.0000,10000.00
2026-05-18,ASIAN,0,0,0,0,0,0,0.0,0.0000,10000.00
2026-05-18,ASIAN,0,0,0,0,0,0,0.0,0.0000,10000.00
2026-05-18,ASIAN,0,0,0,0,0,0,0.0,0.0000,10000.00
2026-05-18,ASIAN,0,0,0,0,0,0,0.0,0.0000,10000.00
2026-05-18,ASIAN,0,0,0,0,0,0,0.0,0.0000,10000.00
2026-05-01,ASIAN,0,0,0,0,0,0,0.0,0.0000,10000.00
2026-05-01,ASIAN,0,0,0,0,0,0,0.0,0.0000,10000.00
2026-05-01,ASIAN,0,0,0,0,0,0,0.0,0.0000,10000.00
2026-05-01,ASIAN,0,0,0,0,0,0,0.0,0.0000,10000.00
2026-05-01,ASIAN,0,0,0,0,0,0,0.0,0.0000,10000.00
2026-05-04,ASIAN,0,0,0,0,0,0,0.0,0.0000,10000.00
2026-05-04,ASIAN,0,0,0,0,0,0,0.0,0.0000,10000.00
2026-05-04,ASIAN,0,0,0,0,0,0,0.0,0.0000,10000.00
2026-05-04,ASIAN,0,0,0,0,0,0,0.0,0.0000,10000.00
2026-05-04,ASIAN,0,0,0,0,0,0,0.0,0.0000,10000.00
2026-05-05,ASIAN,0,0,0,0,0,0,0.0,0.0000,10000.00
2026-05-01,ASIAN,0,0,0,0,0,0,0.0,0.0000,10000.00
2026-05-01,ASIAN,0,0,0,0,0,0,0.0,0.0000,10000.00
2026-05-01,ASIAN,0,0,0,0,0,0,0.0,0.0000,10000.00
2026-05-01,ASIAN,0,0,0,0,0,0,0.0,0.0000,10000.00
2026-05-01,ASIAN,0,0,0,0,0,0,0.0,0.0000,10000.00
2026-05-01,ASIAN,0,0,0,0,0,0,0.0,0.0000,10000.00
2026-05-01,ASIAN,0,0,0,0,0,0,0.0,0.0000,10000.00
2026-05-01,ASIAN,0,0,0,0,0,0,0.0,0.0000,10000.00
2026-05-01,ASIAN,0,0,0,0,0,0,0.0,0.0000,10000.00
2026-05-01,ASIAN,0,0,0,0,0,0,0.0,0.0000,10000.00
2026-05-01,ASIAN,419,419,0,322,188,134,58.4,92.6000,10092.60
2026-05-01,ASIAN,97,97,0,82,64,18,78.0,91.2000,10091.20
2026-05-01,ASIAN,0,0,0,0,0,0,0.0,0.0000,10000.00
2026-05-01,ASIAN,0,0,0,0,0,0,0.0,0.0000,10000.00
2026-05-01,ASIAN,0,0,0,0,0,0,0.0,0.0000,10000.00
2026-05-01,LONDON,360,360,0,314,170,144,54.1,51.2000,10051.20
2026-05-01,LONDON,360,360,0,314,170,144,54.1,51.2000,10051.20
2026-05-01,LONDON,360,360,0,314,170,144,54.1,51.2000,10051.20
2026-05-01,LONDON,344,344,0,314,170,144,54.1,51.2000,10051.20
2026-05-01,LONDON,252,252,0,248,125,123,50.4,-5.8000,9994.20
2026-05-01,LONDON,360,360,0,314,170,144,54.1,51.2000,10051.20
2026-05-01,LONDON,360,360,0,314,170,144,54.1,51.2000,10051.20
2026-05-01,LONDON,360,360,0,314,170,144,54.1,51.2000,10051.20
2026-05-01,LONDON,360,360,0,314,170,144,54.1,51.2000,10051.20
2026-05-01,LONDON,360,360,0,314,170,144,54.1,51.2000,10051.20
2026-05-01,LONDON,344,344,0,314,170,144,54.1,51.2000,10051.20
2026-05-01,LONDON,252,252,0,248,125,123,50.4,-5.8000,9994.20
2026-05-04,LONDON,345,345,0,299,89,210,29.8,-364.2000,9635.80
2026-05-04,LONDON,330,330,0,284,77,207,27.1,-378.9000,9621.10
2026-05-04,LONDON,242,242,0,242,62,180,25.6,-356.0000,9644.00
2026-05-04,LONDON,194,194,0,194,32,162,16.5,-378.4000,9621.60
2026-05-04,LONDON,182,182,0,182,29,153,15.9,-374.9000,9625.10
2026-05-05,LONDON,360,360,0,314,204,110,65.0,128.3000,10128.30
2026-05-05,LONDON,360,360,0,314,204,110,65.0,128.3000,10128.30
2026-05-05,LONDON,332,332,0,314,204,110,65.0,128.3000,10128.30
2026-05-05,LONDON,271,271,0,271,174,97,64.2,102.8000,10102.80
2026-05-05,LONDON,192,192,0,192,119,73,62.0,80.1000,10080.10
2026-05-06,LONDON,360,360,0,314,208,106,66.2,353.2000,10353.20
2026-05-06,LONDON,354,354,0,311,208,103,66.9,354.6000,10354.60
2026-05-06,LONDON,300,300,0,300,204,96,68.0,356.5000,10356.50
2026-05-06,LONDON,189,189,0,189,137,52,72.5,296.8000,10296.80
2026-05-06,LONDON,72,72,0,72,72,0,100.0,259.9000,10259.90
2026-05-07,LONDON,360,360,0,314,163,151,51.9,120.5000,10120.50
2026-05-07,LONDON,346,346,0,314,163,151,51.9,120.5000,10120.50
2026-05-07,LONDON,258,258,0,258,111,147,43.0,45.6000,10045.60
2026-05-07,LONDON,240,240,0,240,95,145,39.6,18.9000,10018.90
2026-05-07,LONDON,204,204,0,204,62,142,30.4,-69.9000,9930.10
2026-05-08,LONDON,360,360,0,314,218,96,69.4,160.9000,10160.90
2026-05-08,LONDON,345,345,0,314,218,96,69.4,160.9000,10160.90
2026-05-08,LONDON,323,323,0,314,218,96,69.4,160.9000,10160.90
2026-05-08,LONDON,291,291,0,291,195,96,67.0,125.3000,10125.30
2026-05-08,LONDON,195,195,0,195,131,64,67.2,78.2000,10078.20
2026-05-11,LONDON,360,360,0,314,136,178,43.3,-72.7000,9927.30
2026-05-11,LONDON,336,336,0,314,136,178,43.3,-72.7000,9927.30
2026-05-11,LONDON,261,261,0,261,117,144,44.8,-50.5000,9949.50
2026-05-11,LONDON,201,201,0,201,93,108,46.3,-46.2000,9953.80
2026-05-11,LONDON,137,137,0,137,57,80,41.6,-28.6000,9971.40
2026-05-12,LONDON,356,356,0,314,102,212,32.5,-238.8000,9761.20
2026-05-12,LONDON,330,330,0,314,102,212,32.5,-238.8000,9761.20
2026-05-12,LONDON,242,242,0,242,72,170,29.8,-218.9000,9781.10
2026-05-12,LONDON,139,139,0,139,46,93,33.1,-99.2000,9900.80
2026-05-12,LONDON,113,113,0,113,33,80,29.2,-89.2000,9910.80
2026-05-13,LONDON,332,332,0,314,150,164,47.8,-226.3000,9773.70
2026-05-13,LONDON,301,301,0,293,150,143,51.2,-168.1000,9831.90
2026-05-13,LONDON,244,244,0,244,150,94,61.5,10.3000,10010.30
2026-05-13,LONDON,212,212,0,212,150,62,70.8,83.1000,10083.10
2026-05-13,LONDON,163,163,0,163,146,17,89.6,205.1000,10205.10
2026-05-14,LONDON,4,4,0,0,0,0,0.0,0.0000,10000.00
2026-05-14,LONDON,4,4,0,0,0,0,0.0,0.0000,10000.00
2026-05-14,LONDON,4,4,0,0,0,0,0.0,0.0000,10000.00
2026-05-14,LONDON,4,4,0,0,0,0,0.0,0.0000,10000.00
2026-05-14,LONDON,4,4,0,0,0,0,0.0,0.0000,10000.00
2026-05-01,NY,198,198,0,168,135,33,80.4,136.5000,10136.50
2026-05-01,NY,6,6,0,0,0,0,0.0,0.0000,10000.00
2026-05-01,NY,0,0,0,0,0,0,0.0,0.0000,10000.00
2026-05-01,NY,0,0,0,0,0,0,0.0,0.0000,10000.00
2026-05-01,NY,0,0,0,0,0,0,0.0,0.0000,10000.00
2026-05-04,NY,0,0,0,0,0,0,0.0,0.0000,10000.00
2026-05-04,NY,0,0,0,0,0,0,0.0,0.0000,10000.00
2026-05-04,NY,0,0,0,0,0,0,0.0,0.0000,10000.00
2026-05-04,NY,0,0,0,0,0,0,0.0,0.0000,10000.00
2026-05-04,NY,0,0,0,0,0,0,0.0,0.0000,10000.00
2026-05-05,NY,0,0,0,0,0,0,0.0,0.0000,10000.00
2026-05-05,NY,0,0,0,0,0,0,0.0,0.0000,10000.00
2026-05-05,NY,0,0,0,0,0,0,0.0,0.0000,10000.00
2026-05-05,NY,0,0,0,0,0,0,0.0,0.0000,10000.00
2026-05-05,NY,0,0,0,0,0,0,0.0,0.0000,10000.00
2026-05-06,NY,0,0,0,0,0,0,0.0,0.0000,10000.00
2026-05-06,NY,0,0,0,0,0,0,0.0,0.0000,10000.00
2026-05-06,NY,0,0,0,0,0,0,0.0,0.0000,10000.00
2026-05-06,NY,0,0,0,0,0,0,0.0,0.0000,10000.00
2026-05-06,NY,0,0,0,0,0,0,0.0,0.0000,10000.00
2026-05-07,NY,0,0,0,0,0,0,0.0,0.0000,10000.00
2026-05-07,NY,0,0,0,0,0,0,0.0,0.0000,10000.00
2026-05-07,NY,0,0,0,0,0,0,0.0,0.0000,10000.00
2026-05-07,NY,0,0,0,0,0,0,0.0,0.0000,10000.00
2026-05-07,NY,0,0,0,0,0,0,0.0,0.0000,10000.00
2026-05-08,NY,0,0,0,0,0,0,0.0,0.0000,10000.00
2026-05-08,NY,0,0,0,0,0,0,0.0,0.0000,10000.00
2026-05-08,NY,0,0,0,0,0,0,0.0,0.0000,10000.00
2026-05-08,NY,0,0,0,0,0,0,0.0,0.0000,10000.00
2026-05-08,NY,0,0,0,0,0,0,0.0,0.0000,10000.00
2026-05-11,NY,0,0,0,0,0,0,0.0,0.0000,10000.00
2026-05-11,NY,0,0,0,0,0,0,0.0,0.0000,10000.00
2026-05-11,NY,0,0,0,0,0,0,0.0,0.0000,10000.00
2026-05-11,NY,0,0,0,0,0,0,0.0,0.0000,10000.00
2026-05-11,NY,0,0,0,0,0,0,0.0,0.0000,10000.00
2026-05-12,NY,0,0,0,0,0,0,0.0,0.0000,10000.00
2026-05-12,NY,0,0,0,0,0,0,0.0,0.0000,10000.00
2026-05-12,NY,0,0,0,0,0,0,0.0,0.0000,10000.00
2026-05-12,NY,0,0,0,0,0,0,0.0,0.0000,10000.00
2026-05-12,NY,0,0,0,0,0,0,0.0,0.0000,10000.00
2026-05-13,NY,58,58,0,15,9,6,60.0,5.2000,10005.20
2026-05-13,NY,7,7,0,3,3,0,100.0,4.2000,10004.20
2026-05-13,NY,0,0,0,0,0,0,0.0,0.0000,10000.00
2026-05-13,NY,0,0,0,0,0,0,0.0,0.0000,10000.00
2026-05-13,NY,0,0,0,0,0,0,0.0,0.0000,10000.00
2026-05-14,NY,0,0,0,0,0,0,0.0,0.0000,10000.00
2026-05-14,NY,0,0,0,0,0,0,0.0,0.0000,10000.00
2026-05-14,NY,0,0,0,0,0,0,0.0,0.0000,10000.00
2026-05-14,NY,0,0,0,0,0,0,0.0,0.0000,10000.00
2026-05-14,NY,0,0,0,0,0,0,0.0,0.0000,10000.00
2026-05-15,NY,0,0,0,0,0,0,0.0,0.0000,10000.00
2026-05-15,NY,0,0,0,0,0,0,0.0,0.0000,10000.00
2026-05-15,NY,0,0,0,0,0,0,0.0,0.0000,10000.00
2026-05-15,NY,0,0,0,0,0,0,0.0,0.0000,10000.00
2026-05-15,NY,0,0,0,0,0,0,0.0,0.0000,10000.00
2026-05-18,NY,0,0,0,0,0,0,0.0,0.0000,10000.00
2026-05-18,NY,0,0,0,0,0,0,0.0,0.0000,10000.00
2026-05-18,NY,0,0,0,0,0,0,0.0,0.0000,10000.00
2026-05-18,NY,0,0,0,0,0,0,0.0,0.0000,10000.00
2026-05-18,NY,0,0,0,0,0,0,0.0,0.0000,10000.00
2026-05-11,NY,0,0,0,0,0,0,0.0,0.0000,10000.00
2026-05-11,NY,0,0,0,0,0,0,0.0,0.0000,10000.00
2026-05-11,NY,0,0,0,0,0,0,0.0,0.0000,10000.00
2026-05-11,NY,0,0,0,0,0,0,0.0,0.0000,10000.00
2026-05-11,NY,0,0,0,0,0,0,0.0,0.0000,10000.00
2026-05-01,ASIAN,0,0,0,0,0,0,0.0,0.0000,10000.00
2026-05-01,ASIAN,0,0,0,0,0,0,0.0,0.0000,10000.00
2026-05-01,ASIAN,0,0,0,0,0,0,0.0,0.0000,10000.00
2026-05-01,ASIAN,0,0,0,0,0,0,0.0,0.0000,10000.00
2026-05-01,ASIAN,0,0,0,0,0,0,0.0,0.0000,10000.00
2026-05-04,ASIAN,0,0,0,0,0,0,0.0,0.0000,10000.00
2026-05-04,ASIAN,0,0,0,0,0,0,0.0,0.0000,10000.00
2026-05-04,ASIAN,0,0,0,0,0,0,0.0,0.0000,10000.00
2026-05-04,ASIAN,0,0,0,0,0,0,0.0,0.0000,10000.00
2026-05-04,ASIAN,0,0,0,0,0,0,0.0,0.0000,10000.00
2026-05-05,ASIAN,0,0,0,0,0,0,0.0,0.0000,10000.00
2026-05-05,ASIAN,0,0,0,0,0,0,0.0,0.0000,10000.00
2026-05-05,ASIAN,0,0,0,0,0,0,0.0,0.0000,10000.00
2026-05-05,ASIAN,0,0,0,0,0,0,0.0,0.0000,10000.00
2026-05-05,ASIAN,0,0,0,0,0,0,0.0,0.0000,10000.00
2026-05-06,ASIAN,0,0,0,0,0,0,0.0,0.0000,10000.00
2026-05-06,ASIAN,0,0,0,0,0,0,0.0,0.0000,10000.00
2026-05-06,ASIAN,0,0,0,0,0,0,0.0,0.0000,10000.00
2026-05-06,ASIAN,0,0,0,0,0,0,0.0,0.0000,10000.00
2026-05-06,ASIAN,0,0,0,0,0,0,0.0,0.0000,10000.00
2026-05-07,ASIAN,0,0,0,0,0,0,0.0,0.0000,10000.00
2026-05-07,ASIAN,0,0,0,0,0,0,0.0,0.0000,10000.00
2026-05-07,ASIAN,0,0,0,0,0,0,0.0,0.0000,10000.00
2026-05-07,ASIAN,0,0,0,0,0,0,0.0,0.0000,10000.00
2026-05-07,ASIAN,0,0,0,0,0,0,0.0,0.0000,10000.00
2026-05-08,ASIAN,0,0,0,0,0,0,0.0,0.0000,10000.00
2026-05-08,ASIAN,0,0,0,0,0,0,0.0,0.0000,10000.00
2026-05-08,ASIAN,0,0,0,0,0,0,0.0,0.0000,10000.00
2026-05-08,ASIAN,0,0,0,0,0,0,0.0,0.0000,10000.00
2026-05-08,ASIAN,0,0,0,0,0,0,0.0,0.0000,10000.00
2026-05-11,ASIAN,19,0,19,19,19,0,100.0,96.4000,10096.40
2026-05-11,ASIAN,0,0,0,0,0,0,0.0,0.0000,10000.00
2026-05-11,ASIAN,0,0,0,0,0,0,0.0,0.0000,10000.00
2026-05-11,ASIAN,0,0,0,0,0,0,0.0,0.0000,10000.00
2026-05-11,ASIAN,0,0,0,0,0,0,0.0,0.0000,10000.00
2026-05-12,ASIAN,0,0,0,0,0,0,0.0,0.0000,10000.00
2026-05-12,ASIAN,0,0,0,0,0,0,0.0,0.0000,10000.00
2026-05-12,ASIAN,0,0,0,0,0,0,0.0,0.0000,10000.00
2026-05-12,ASIAN,0,0,0,0,0,0,0.0,0.0000,10000.00
2026-05-12,ASIAN,0,0,0,0,0,0,0.0,0.0000,10000.00
2026-05-13,ASIAN,0,0,0,0,0,0,0.0,0.0000,10000.00
2026-05-13,ASIAN,0,0,0,0,0,0,0.0,0.0000,10000.00
2026-05-13,ASIAN,0,0,0,0,0,0,0.0,0.0000,10000.00
2026-05-13,ASIAN,0,0,0,0,0,0,0.0,0.0000,10000.00
2026-05-13,ASIAN,0,0,0,0,0,0,0.0,0.0000,10000.00
2026-05-14,ASIAN,0,0,0,0,0,0,0.0,0.0000,10000.00
2026-05-14,ASIAN,0,0,0,0,0,0,0.0,0.0000,10000.00
2026-05-14,ASIAN,0,0,0,0,0,0,0.0,0.0000,10000.00
2026-05-14,ASIAN,0,0,0,0,0,0,0.0,0.0000,10000.00
2026-05-14,ASIAN,0,0,0,0,0,0,0.0,0.0000,10000.00
2026-05-15,ASIAN,0,0,0,0,0,0,0.0,0.0000,10000.00
2026-05-15,ASIAN,0,0,0,0,0,0,0.0,0.0000,10000.00
2026-05-15,ASIAN,0,0,0,0,0,0,0.0,0.0000,10000.00
2026-05-15,ASIAN,0,0,0,0,0,0,0.0,0.0000,10000.00
2026-05-15,ASIAN,0,0,0,0,0,0,0.0,0.0000,10000.00
2026-05-18,ASIAN,51,0,51,0,0,0,0.0,0.0000,10000.00
2026-05-18,ASIAN,25,0,25,0,0,0,0.0,0.0000,10000.00
2026-05-18,ASIAN,0,0,0,0,0,0,0.0,0.0000,10000.00
2026-05-18,ASIAN,0,0,0,0,0,0,0.0,0.0000,10000.00
2026-05-18,ASIAN,0,0,0,0,0,0,0.0,0.0000,10000.00
2026-05-01,ASIAN,0,0,0,0,0,0,0.0,0.0000,10000.00
2026-05-01,ASIAN,0,0,0,0,0,0,0.0,0.0000,10000.00
2026-05-01,ASIAN,0,0,0,0,0,0,0.0,0.0000,10000.00
2026-05-01,ASIAN,0,0,0,0,0,0,0.0,0.0000,10000.00
2026-05-01,ASIAN,0,0,0,0,0,0,0.0,0.0000,10000.00
2026-05-01,ASIAN,0,0,0,0,0,0,0.0,0.0000,10000.00
2026-05-01,ASIAN,0,0,0,0,0,0,0.0,0.0000,10000.00
2026-05-04,ASIAN,0,0,0,0,0,0,0.0,0.0000,10000.00
2026-05-04,ASIAN,0,0,0,0,0,0,0.0,0.0000,10000.00
2026-05-04,ASIAN,0,0,0,0,0,0,0.0,0.0000,10000.00
2026-05-04,ASIAN,0,0,0,0,0,0,0.0,0.0000,10000.00
2026-05-04,ASIAN,0,0,0,0,0,0,0.0,0.0000,10000.00
2026-05-04,ASIAN,0,0,0,0,0,0,0.0,0.0000,10000.00
2026-05-04,ASIAN,0,0,0,0,0,0,0.0,0.0000,10000.00
2026-05-05,ASIAN,0,0,0,0,0,0,0.0,0.0000,10000.00
2026-05-05,ASIAN,0,0,0,0,0,0,0.0,0.0000,10000.00
2026-05-05,ASIAN,0,0,0,0,0,0,0.0,0.0000,10000.00
2026-05-05,ASIAN,0,0,0,0,0,0,0.0,0.0000,10000.00
2026-05-05,ASIAN,0,0,0,0,0,0,0.0,0.0000,10000.00
2026-05-05,ASIAN,0,0,0,0,0,0,0.0,0.0000,10000.00
2026-05-05,ASIAN,0,0,0,0,0,0,0.0,0.0000,10000.00
2026-05-06,ASIAN,0,0,0,0,0,0,0.0,0.0000,10000.00
2026-05-06,ASIAN,0,0,0,0,0,0,0.0,0.0000,10000.00
2026-05-06,ASIAN,0,0,0,0,0,0,0.0,0.0000,10000.00
2026-05-06,ASIAN,0,0,0,0,0,0,0.0,0.0000,10000.00
2026-05-06,ASIAN,0,0,0,0,0,0,0.0,0.0000,10000.00
2026-05-06,ASIAN,0,0,0,0,0,0,0.0,0.0000,10000.00
2026-05-06,ASIAN,0,0,0,0,0,0,0.0,0.0000,10000.00
2026-05-07,ASIAN,0,0,0,0,0,0,0.0,0.0000,10000.00
2026-05-07,ASIAN,0,0,0,0,0,0,0.0,0.0000,10000.00
2026-05-07,ASIAN,0,0,0,0,0,0,0.0,0.0000,10000.00
2026-05-07,ASIAN,0,0,0,0,0,0,0.0,0.0000,10000.00
2026-05-07,ASIAN,0,0,0,0,0,0,0.0,0.0000,10000.00
2026-05-07,ASIAN,0,0,0,0,0,0,0.0,0.0000,10000.00
2026-05-07,ASIAN,0,0,0,0,0,0,0.0,0.0000,10000.00
2026-05-08,ASIAN,0,0,0,0,0,0,0.0,0.0000,10000.00
2026-05-08,ASIAN,0,0,0,0,0,0,0.0,0.0000,10000.00
2026-05-08,ASIAN,0,0,0,0,0,0,0.0,0.0000,10000.00
2026-05-08,ASIAN,0,0,0,0,0,0,0.0,0.0000,10000.00
2026-05-08,ASIAN,0,0,0,0,0,0,0.0,0.0000,10000.00
2026-05-08,ASIAN,0,0,0,0,0,0,0.0,0.0000,10000.00
2026-05-08,ASIAN,0,0,0,0,0,0,0.0,0.0000,10000.00
2026-05-11,ASIAN,38,0,38,38,38,0,100.0,210.5000,10210.50
2026-05-11,ASIAN,19,0,19,19,19,0,100.0,96.4000,10096.40
2026-05-11,ASIAN,0,0,0,0,0,0,0.0,0.0000,10000.00
2026-05-11,ASIAN,0,0,0,0,0,0,0.0,0.0000,10000.00
2026-05-11,ASIAN,0,0,0,0,0,0,0.0,0.0000,10000.00
2026-05-11,ASIAN,0,0,0,0,0,0,0.0,0.0000,10000.00
2026-05-11,ASIAN,0,0,0,0,0,0,0.0,0.0000,10000.00
2026-05-12,ASIAN,0,0,0,0,0,0,0.0,0.0000,10000.00
2026-05-12,ASIAN,0,0,0,0,0,0,0.0,0.0000,10000.00
2026-05-12,ASIAN,0,0,0,0,0,0,0.0,0.0000,10000.00
2026-05-12,ASIAN,0,0,0,0,0,0,0.0,0.0000,10000.00
2026-05-12,ASIAN,0,0,0,0,0,0,0.0,0.0000,10000.00
2026-05-12,ASIAN,0,0,0,0,0,0,0.0,0.0000,10000.00
2026-05-12,ASIAN,0,0,0,0,0,0,0.0,0.0000,10000.00
2026-05-13,ASIAN,5,0,5,5,0,5,0.0,-19.8000,9980.20
2026-05-13,ASIAN,0,0,0,0,0,0,0.0,0.0000,10000.00
2026-05-13,ASIAN,0,0,0,0,0,0,0.0,0.0000,10000.00
2026-05-13,ASIAN,0,0,0,0,0,0,0.0,0.0000,10000.00
2026-05-13,ASIAN,0,0,0,0,0,0,0.0,0.0000,10000.00
2026-05-13,ASIAN,0,0,0,0,0,0,0.0,0.0000,10000.00
2026-05-13,ASIAN,0,0,0,0,0,0,0.0,0.0000,10000.00
2026-05-14,ASIAN,0,0,0,0,0,0,0.0,0.0000,10000.00
2026-05-14,ASIAN,0,0,0,0,0,0,0.0,0.0000,10000.00
2026-05-14,ASIAN,0,0,0,0,0,0,0.0,0.0000,10000.00
2026-05-14,ASIAN,0,0,0,0,0,0,0.0,0.0000,10000.00
2026-05-14,ASIAN,0,0,0,0,0,0,0.0,0.0000,10000.00
2026-05-14,ASIAN,0,0,0,0,0,0,0.0,0.0000,10000.00
2026-05-14,ASIAN,0,0,0,0,0,0,0.0,0.0000,10000.00
2026-05-15,ASIAN,0,0,0,0,0,0,0.0,0.0000,10000.00
2026-05-15,ASIAN,0,0,0,0,0,0,0.0,0.0000,10000.00
2026-05-15,ASIAN,0,0,0,0,0,0,0.0,0.0000,10000.00
2026-05-15,ASIAN,0,0,0,0,0,0,0.0,0.0000,10000.00
2026-05-15,ASIAN,0,0,0,0,0,0,0.0,0.0000,10000.00
2026-05-15,ASIAN,0,0,0,0,0,0,0.0,0.0000,10000.00
2026-05-15,ASIAN,0,0,0,0,0,0,0.0,0.0000,10000.00
2026-05-18,ASIAN,53,0,53,0,0,0,0.0,0.0000,10000.00
2026-05-18,ASIAN,51,0,51,0,0,0,0.0,0.0000,10000.00
2026-05-18,ASIAN,25,0,25,0,0,0,0.0,0.0000,10000.00
2026-05-18,ASIAN,0,0,0,0,0,0,0.0,0.0000,10000.00
2026-05-18,ASIAN,0,0,0,0,0,0,0.0,0.0000,10000.00
2026-05-18,ASIAN,0,0,0,0,0,0,0.0,0.0000,10000.00
2026-05-18,ASIAN,0,0,0,0,0,0,0.0,0.0000,10000.00
2026-05-01,NY,0,0,0,0,0,0,0.0,0.0000,10000.00
2026-05-01,NY,0,0,0,0,0,0,0.0,0.0000,10000.00
2026-05-01,NY,0,0,0,0,0,0,0.0,0.0000,10000.00
2026-05-01,NY,0,0,0,0,0,0,0.0,0.0000,10000.00
2026-05-01,NY,0,0,0,0,0,0,0.0,0.0000,10000.00
2026-05-01,NY,0,0,0,0,0,0,0.0,0.0000,10000.00
2026-05-01,NY,0,0,0,0,0,0,0.0,0.0000,10000.00
2026-05-04,NY,35,0,35,35,14,21,40.0,-7.7000,9992.30
2026-05-04,NY,0,0,0,0,0,0,0.0,0.0000,10000.00
2026-05-04,NY,0,0,0,0,0,0,0.0,0.0000,10000.00
2026-05-04,NY,0,0,0,0,0,0,0.0,0.0000,10000.00
2026-05-04,NY,0,0,0,0,0,0,0.0,0.0000,10000.00
2026-05-04,NY,0,0,0,0,0,0,0.0,0.0000,10000.00
2026-05-04,NY,0,0,0,0,0,0,0.0,0.0000,10000.00
2026-05-05,NY,0,0,0,0,0,0,0.0,0.0000,10000.00
2026-05-05,NY,0,0,0,0,0,0,0.0,0.0000,10000.00
2026-05-05,NY,0,0,0,0,0,0,0.0,0.0000,10000.00
2026-05-05,NY,0,0,0,0,0,0,0.0,0.0000,10000.00
2026-05-05,NY,0,0,0,0,0,0,0.0,0.0000,10000.00
2026-05-05,NY,0,0,0,0,0,0,0.0,0.0000,10000.00
2026-05-05,NY,0,0,0,0,0,0,0.0,0.0000,10000.00
2026-05-06,NY,47,0,47,47,17,30,36.2,-29.9000,9970.10
2026-05-06,NY,0,0,0,0,0,0,0.0,0.0000,10000.00
2026-05-06,NY,0,0,0,0,0,0,0.0,0.0000,10000.00
2026-05-06,NY,0,0,0,0,0,0,0.0,0.0000,10000.00
2026-05-06,NY,0,0,0,0,0,0,0.0,0.0000,10000.00
2026-05-06,NY,0,0,0,0,0,0,0.0,0.0000,10000.00
2026-05-06,NY,0,0,0,0,0,0,0.0,0.0000,10000.00
2026-05-07,NY,58,0,58,58,25,33,43.1,1.1000,10001.10
2026-05-07,NY,0,0,0,0,0,0,0.0,0.0000,10000.00
2026-05-07,NY,0,0,0,0,0,0,0.0,0.0000,10000.00
2026-05-07,NY,0,0,0,0,0,0,0.0,0.0000,10000.00
2026-05-07,NY,0,0,0,0,0,0,0.0,0.0000,10000.00
2026-05-07,NY,0,0,0,0,0,0,0.0,0.0000,10000.00
2026-05-07,NY,0,0,0,0,0,0,0.0,0.0000,10000.00
2026-05-08,NY,11,0,11,11,7,4,63.6,-3.9000,9996.10
2026-05-08,NY,0,0,0,0,0,0,0.0,0.0000,10000.00
2026-05-08,NY,0,0,0,0,0,0,0.0,0.0000,10000.00
2026-05-08,NY,0,0,0,0,0,0,0.0,0.0000,10000.00
2026-05-08,NY,0,0,0,0,0,0,0.0,0.0000,10000.00
2026-05-08,NY,0,0,0,0,0,0,0.0,0.0000,10000.00
2026-05-08,NY,0,0,0,0,0,0,0.0,0.0000,10000.00
2026-05-11,NY,0,0,0,0,0,0,0.0,0.0000,10000.00
2026-05-11,NY,0,0,0,0,0,0,0.0,0.0000,10000.00
2026-05-11,NY,0,0,0,0,0,0,0.0,0.0000,10000.00
2026-05-11,NY,0,0,0,0,0,0,0.0,0.0000,10000.00
2026-05-11,NY,0,0,0,0,0,0,0.0,0.0000,10000.00
2026-05-11,NY,0,0,0,0,0,0,0.0,0.0000,10000.00
2026-05-11,NY,0,0,0,0,0,0,0.0,0.0000,10000.00
2026-05-01,ASIAN,0,0,0,0,0,0,0.0,0.0000,10000.00,0.4026,0.2288
2026-05-01,ASIAN,0,0,0,0,0,0,0.0,0.0000,10000.00,0.4026,0.2288
2026-05-01,ASIAN,0,0,0,0,0,0,0.0,0.0000,10000.00,0.4026,0.2288
2026-05-01,ASIAN,0,0,0,0,0,0,0.0,0.0000,10000.00,0.4026,0.2288
2026-05-01,ASIAN,0,0,0,0,0,0,0.0,0.0000,10000.00,0.4026,0.2288
2026-05-01,ASIAN,0,0,0,0,0,0,0.0,0.0000,10000.00,0.4026,0.2288
2026-05-01,ASIAN,0,0,0,0,0,0,0.0,0.0000,10000.00,0.4026,0.2288
2026-05-04,ASIAN,0,0,0,0,0,0,0.0,0.0000,10000.00,0.3972,0.2844
2026-05-04,ASIAN,0,0,0,0,0,0,0.0,0.0000,10000.00,0.3972,0.2844
2026-05-04,ASIAN,0,0,0,0,0,0,0.0,0.0000,10000.00,0.3972,0.2844
2026-05-04,ASIAN,0,0,0,0,0,0,0.0,0.0000,10000.00,0.3972,0.2844
2026-05-04,ASIAN,0,0,0,0,0,0,0.0,0.0000,10000.00,0.3972,0.2844
2026-05-04,ASIAN,0,0,0,0,0,0,0.0,0.0000,10000.00,0.3972,0.2844
2026-05-04,ASIAN,0,0,0,0,0,0,0.0,0.0000,10000.00,0.3972,0.2844
2026-05-05,ASIAN,0,0,0,0,0,0,0.0,0.0000,10000.00,0.4023,0.2327
2026-05-05,ASIAN,0,0,0,0,0,0,0.0,0.0000,10000.00,0.4023,0.2327
2026-05-05,ASIAN,0,0,0,0,0,0,0.0,0.0000,10000.00,0.4023,0.2327
2026-05-05,ASIAN,0,0,0,0,0,0,0.0,0.0000,10000.00,0.4023,0.2327
2026-05-05,ASIAN,0,0,0,0,0,0,0.0,0.0000,10000.00,0.4023,0.2327
2026-05-05,ASIAN,0,0,0,0,0,0,0.0,0.0000,10000.00,0.4023,0.2327
2026-05-05,ASIAN,0,0,0,0,0,0,0.0,0.0000,10000.00,0.4023,0.2327
2026-05-06,ASIAN,0,0,0,0,0,0,0.0,0.0000,10000.00,0.4146,0.2137
2026-05-06,ASIAN,0,0,0,0,0,0,0.0,0.0000,10000.00,0.4146,0.2137
2026-05-06,ASIAN,0,0,0,0,0,0,0.0,0.0000,10000.00,0.4146,0.2137
2026-05-06,ASIAN,0,0,0,0,0,0,0.0,0.0000,10000.00,0.4146,0.2137
2026-05-06,ASIAN,0,0,0,0,0,0,0.0,0.0000,10000.00,0.4146,0.2137
2026-05-06,ASIAN,0,0,0,0,0,0,0.0,0.0000,10000.00,0.4146,0.2137
2026-05-06,ASIAN,0,0,0,0,0,0,0.0,0.0000,10000.00,0.4146,0.2137
2026-05-07,ASIAN,0,0,0,0,0,0,0.0,0.0000,10000.00,0.4223,0.2195
2026-05-07,ASIAN,0,0,0,0,0,0,0.0,0.0000,10000.00,0.4223,0.2195
2026-05-07,ASIAN,0,0,0,0,0,0,0.0,0.0000,10000.00,0.4223,0.2195
2026-05-07,ASIAN,0,0,0,0,0,0,0.0,0.0000,10000.00,0.4223,0.2195
2026-05-07,ASIAN,0,0,0,0,0,0,0.0,0.0000,10000.00,0.4223,0.2195
2026-05-07,ASIAN,0,0,0,0,0,0,0.0,0.0000,10000.00,0.4223,0.2195
2026-05-07,ASIAN,0,0,0,0,0,0,0.0,0.0000,10000.00,0.4223,0.2195
2026-05-08,ASIAN,0,0,0,0,0,0,0.0,0.0000,10000.00,0.4140,0.2227
2026-05-08,ASIAN,0,0,0,0,0,0,0.0,0.0000,10000.00,0.4140,0.2227
2026-05-08,ASIAN,0,0,0,0,0,0,0.0,0.0000,10000.00,0.4140,0.2227
2026-05-08,ASIAN,0,0,0,0,0,0,0.0,0.0000,10000.00,0.4140,0.2227
2026-05-08,ASIAN,0,0,0,0,0,0,0.0,0.0000,10000.00,0.4140,0.2227
2026-05-08,ASIAN,0,0,0,0,0,0,0.0,0.0000,10000.00,0.4140,0.2227
2026-05-08,ASIAN,0,0,0,0,0,0,0.0,0.0000,10000.00,0.4140,0.2227
2026-05-11,ASIAN,0,0,0,0,0,0,0.0,0.0000,10000.00,0.4436,0.1991
2026-05-11,ASIAN,0,0,0,0,0,0,0.0,0.0000,10000.00,0.4436,0.1991
2026-05-11,ASIAN,0,0,0,0,0,0,0.0,0.0000,10000.00,0.4436,0.1991
2026-05-11,ASIAN,0,0,0,0,0,0,0.0,0.0000,10000.00,0.4436,0.1991
2026-05-11,ASIAN,0,0,0,0,0,0,0.0,0.0000,10000.00,0.4436,0.1991
2026-05-11,ASIAN,0,0,0,0,0,0,0.0,0.0000,10000.00,0.4436,0.1991
2026-05-11,ASIAN,0,0,0,0,0,0,0.0,0.0000,10000.00,0.4436,0.1991
2026-05-12,ASIAN,0,0,0,0,0,0,0.0,0.0000,10000.00,0.4200,0.2197
2026-05-12,ASIAN,0,0,0,0,0,0,0.0,0.0000,10000.00,0.4200,0.2197
2026-05-12,ASIAN,0,0,0,0,0,0,0.0,0.0000,10000.00,0.4200,0.2197
2026-05-12,ASIAN,0,0,0,0,0,0,0.0,0.0000,10000.00,0.4200,0.2197
2026-05-12,ASIAN,0,0,0,0,0,0,0.0,0.0000,10000.00,0.4200,0.2197
2026-05-12,ASIAN,0,0,0,0,0,0,0.0,0.0000,10000.00,0.4200,0.2197
2026-05-12,ASIAN,0,0,0,0,0,0,0.0,0.0000,10000.00,0.4200,0.2197
2026-05-13,ASIAN,0,0,0,0,0,0,0.0,0.0000,10000.00,0.5484,0.2185
2026-05-13,ASIAN,0,0,0,0,0,0,0.0,0.0000,10000.00,0.5484,0.2185
2026-05-13,ASIAN,0,0,0,0,0,0,0.0,0.0000,10000.00,0.5484,0.2185
2026-05-13,ASIAN,0,0,0,0,0,0,0.0,0.0000,10000.00,0.5484,0.2185
2026-05-13,ASIAN,0,0,0,0,0,0,0.0,0.0000,10000.00,0.5484,0.2185
2026-05-13,ASIAN,0,0,0,0,0,0,0.0,0.0000,10000.00,0.5484,0.2185
2026-05-13,ASIAN,0,0,0,0,0,0,0.0,0.0000,10000.00,0.5484,0.2185
2026-05-14,ASIAN,0,0,0,0,0,0,0.0,0.0000,10000.00,0.4280,0.2278
2026-05-14,ASIAN,0,0,0,0,0,0,0.0,0.0000,10000.00,0.4280,0.2278
2026-05-14,ASIAN,0,0,0,0,0,0,0.0,0.0000,10000.00,0.4280,0.2278
2026-05-14,ASIAN,0,0,0,0,0,0,0.0,0.0000,10000.00,0.4280,0.2278
2026-05-14,ASIAN,0,0,0,0,0,0,0.0,0.0000,10000.00,0.4280,0.2278
2026-05-14,ASIAN,0,0,0,0,0,0,0.0,0.0000,10000.00,0.4280,0.2278
2026-05-14,ASIAN,0,0,0,0,0,0,0.0,0.0000,10000.00,0.4280,0.2278
2026-05-15,ASIAN,0,0,0,0,0,0,0.0,0.0000,10000.00,0.4411,0.2143
2026-05-15,ASIAN,0,0,0,0,0,0,0.0,0.0000,10000.00,0.4411,0.2143
2026-05-15,ASIAN,0,0,0,0,0,0,0.0,0.0000,10000.00,0.4411,0.2143
2026-05-15,ASIAN,0,0,0,0,0,0,0.0,0.0000,10000.00,0.4411,0.2143
2026-05-15,ASIAN,0,0,0,0,0,0,0.0,0.0000,10000.00,0.4411,0.2143
2026-05-15,ASIAN,0,0,0,0,0,0,0.0,0.0000,10000.00,0.4411,0.2143
2026-05-15,ASIAN,0,0,0,0,0,0,0.0,0.0000,10000.00,0.4411,0.2143
2026-05-18,ASIAN,4,4,0,4,4,0,100.0,14.9000,10014.90,0.5650,0.2069
2026-05-18,ASIAN,0,0,0,0,0,0,0.0,0.0000,10000.00,0.5650,0.2069
2026-05-18,ASIAN,0,0,0,0,0,0,0.0,0.0000,10000.00,0.5650,0.2069
2026-05-18,ASIAN,0,0,0,0,0,0,0.0,0.0000,10000.00,0.5650,0.2069
2026-05-18,ASIAN,0,0,0,0,0,0,0.0,0.0000,10000.00,0.5650,0.2069
2026-05-18,ASIAN,0,0,0,0,0,0,0.0,0.0000,10000.00,0.5650,0.2069
2026-05-18,ASIAN,0,0,0,0,0,0,0.0,0.0000,10000.00,0.5650,0.2069
2026-05-01,ASIAN,0,0,0,0,0,0,0.0,0.0000,10000.00,0.4026,0.2288
2026-05-01,ASIAN,0,0,0,0,0,0,0.0,0.0000,10000.00,0.4026,0.2288
2026-05-01,ASIAN,0,0,0,0,0,0,0.0,0.0000,10000.00,0.4026,0.2288
2026-05-01,ASIAN,0,0,0,0,0,0,0.0,0.0000,10000.00,0.4026,0.2288
2026-05-01,ASIAN,0,0,0,0,0,0,0.0,0.0000,10000.00,0.4026,0.2288
2026-05-01,ASIAN,0,0,0,0,0,0,0.0,0.0000,10000.00,0.4026,0.2288
2026-05-01,ASIAN,0,0,0,0,0,0,0.0,0.0000,10000.00,0.4026,0.2288
2026-05-04,ASIAN,0,0,0,0,0,0,0.0,0.0000,10000.00,0.3972,0.2844
2026-05-04,ASIAN,0,0,0,0,0,0,0.0,0.0000,10000.00,0.3972,0.2844
2026-05-04,ASIAN,0,0,0,0,0,0,0.0,0.0000,10000.00,0.3972,0.2844
2026-05-04,ASIAN,0,0,0,0,0,0,0.0,0.0000,10000.00,0.3972,0.2844
2026-05-04,ASIAN,0,0,0,0,0,0,0.0,0.0000,10000.00,0.3972,0.2844
2026-05-04,ASIAN,0,0,0,0,0,0,0.0,0.0000,10000.00,0.3972,0.2844
2026-05-04,ASIAN,0,0,0,0,0,0,0.0,0.0000,10000.00,0.3972,0.2844
2026-05-05,ASIAN,0,0,0,0,0,0,0.0,0.0000,10000.00,0.4023,0.2327
2026-05-05,ASIAN,0,0,0,0,0,0,0.0,0.0000,10000.00,0.4023,0.2327
2026-05-05,ASIAN,0,0,0,0,0,0,0.0,0.0000,10000.00,0.4023,0.2327
2026-05-05,ASIAN,0,0,0,0,0,0,0.0,0.0000,10000.00,0.4023,0.2327
2026-05-05,ASIAN,0,0,0,0,0,0,0.0,0.0000,10000.00,0.4023,0.2327
2026-05-05,ASIAN,0,0,0,0,0,0,0.0,0.0000,10000.00,0.4023,0.2327
2026-05-05,ASIAN,0,0,0,0,0,0,0.0,0.0000,10000.00,0.4023,0.2327
2026-05-06,ASIAN,0,0,0,0,0,0,0.0,0.0000,10000.00,0.4146,0.2137
2026-05-06,ASIAN,0,0,0,0,0,0,0.0,0.0000,10000.00,0.4146,0.2137
2026-05-06,ASIAN,0,0,0,0,0,0,0.0,0.0000,10000.00,0.4146,0.2137
2026-05-06,ASIAN,0,0,0,0,0,0,0.0,0.0000,10000.00,0.4146,0.2137
2026-05-06,ASIAN,0,0,0,0,0,0,0.0,0.0000,10000.00,0.4146,0.2137
2026-05-06,ASIAN,0,0,0,0,0,0,0.0,0.0000,10000.00,0.4146,0.2137
2026-05-06,ASIAN,0,0,0,0,0,0,0.0,0.0000,10000.00,0.4146,0.2137
2026-05-07,ASIAN,0,0,0,0,0,0,0.0,0.0000,10000.00,0.4223,0.2195
2026-05-07,ASIAN,0,0,0,0,0,0,0.0,0.0000,10000.00,0.4223,0.2195
2026-05-07,ASIAN,0,0,0,0,0,0,0.0,0.0000,10000.00,0.4223,0.2195
2026-05-07,ASIAN,0,0,0,0,0,0,0.0,0.0000,10000.00,0.4223,0.2195
2026-05-07,ASIAN,0,0,0,0,0,0,0.0,0.0000,10000.00,0.4223,0.2195
2026-05-07,ASIAN,0,0,0,0,0,0,0.0,0.0000,10000.00,0.4223,0.2195
2026-05-07,ASIAN,0,0,0,0,0,0,0.0,0.0000,10000.00,0.4223,0.2195
2026-05-08,ASIAN,0,0,0,0,0,0,0.0,0.0000,10000.00,0.4140,0.2227
2026-05-08,ASIAN,0,0,0,0,0,0,0.0,0.0000,10000.00,0.4140,0.2227
2026-05-08,ASIAN,0,0,0,0,0,0,0.0,0.0000,10000.00,0.4140,0.2227
2026-05-08,ASIAN,0,0,0,0,0,0,0.0,0.0000,10000.00,0.4140,0.2227
2026-05-08,ASIAN,0,0,0,0,0,0,0.0,0.0000,10000.00,0.4140,0.2227
2026-05-08,ASIAN,0,0,0,0,0,0,0.0,0.0000,10000.00,0.4140,0.2227
2026-05-08,ASIAN,0,0,0,0,0,0,0.0,0.0000,10000.00,0.4140,0.2227
2026-05-11,ASIAN,0,0,0,0,0,0,0.0,0.0000,10000.00,0.4436,0.1991
2026-05-11,ASIAN,0,0,0,0,0,0,0.0,0.0000,10000.00,0.4436,0.1991
2026-05-11,ASIAN,0,0,0,0,0,0,0.0,0.0000,10000.00,0.4436,0.1991
2026-05-11,ASIAN,0,0,0,0,0,0,0.0,0.0000,10000.00,0.4436,0.1991
2026-05-11,ASIAN,0,0,0,0,0,0,0.0,0.0000,10000.00,0.4436,0.1991
2026-05-11,ASIAN,0,0,0,0,0,0,0.0,0.0000,10000.00,0.4436,0.1991
2026-05-11,ASIAN,0,0,0,0,0,0,0.0,0.0000,10000.00,0.4436,0.1991
2026-05-12,ASIAN,0,0,0,0,0,0,0.0,0.0000,10000.00,0.4200,0.2197
2026-05-12,ASIAN,0,0,0,0,0,0,0.0,0.0000,10000.00,0.4200,0.2197
2026-05-12,ASIAN,0,0,0,0,0,0,0.0,0.0000,10000.00,0.4200,0.2197
2026-05-12,ASIAN,0,0,0,0,0,0,0.0,0.0000,10000.00,0.4200,0.2197
2026-05-12,ASIAN,0,0,0,0,0,0,0.0,0.0000,10000.00,0.4200,0.2197
2026-05-12,ASIAN,0,0,0,0,0,0,0.0,0.0000,10000.00,0.4200,0.2197
2026-05-12,ASIAN,0,0,0,0,0,0,0.0,0.0000,10000.00,0.4200,0.2197
2026-05-13,ASIAN,0,0,0,0,0,0,0.0,0.0000,10000.00,0.5484,0.2185
2026-05-13,ASIAN,0,0,0,0,0,0,0.0,0.0000,10000.00,0.5484,0.2185
2026-05-13,ASIAN,0,0,0,0,0,0,0.0,0.0000,10000.00,0.5484,0.2185
2026-05-13,ASIAN,0,0,0,0,0,0,0.0,0.0000,10000.00,0.5484,0.2185
2026-05-13,ASIAN,0,0,0,0,0,0,0.0,0.0000,10000.00,0.5484,0.2185
2026-05-13,ASIAN,0,0,0,0,0,0,0.0,0.0000,10000.00,0.5484,0.2185
2026-05-13,ASIAN,0,0,0,0,0,0,0.0,0.0000,10000.00,0.5484,0.2185
2026-05-14,ASIAN,0,0,0,0,0,0,0.0,0.0000,10000.00,0.4280,0.2278
2026-05-14,ASIAN,0,0,0,0,0,0,0.0,0.0000,10000.00,0.4280,0.2278
2026-05-14,ASIAN,0,0,0,0,0,0,0.0,0.0000,10000.00,0.4280,0.2278
2026-05-14,ASIAN,0,0,0,0,0,0,0.0,0.0000,10000.00,0.4280,0.2278
2026-05-14,ASIAN,0,0,0,0,0,0,0.0,0.0000,10000.00,0.4280,0.2278
2026-05-14,ASIAN,0,0,0,0,0,0,0.0,0.0000,10000.00,0.4280,0.2278
2026-05-14,ASIAN,0,0,0,0,0,0,0.0,0.0000,10000.00,0.4280,0.2278
2026-05-15,ASIAN,0,0,0,0,0,0,0.0,0.0000,10000.00,0.4411,0.2143
2026-05-15,ASIAN,0,0,0,0,0,0,0.0,0.0000,10000.00,0.4411,0.2143
2026-05-15,ASIAN,0,0,0,0,0,0,0.0,0.0000,10000.00,0.4411,0.2143
2026-05-15,ASIAN,0,0,0,0,0,0,0.0,0.0000,10000.00,0.4411,0.2143
2026-05-15,ASIAN,0,0,0,0,0,0,0.0,0.0000,10000.00,0.4411,0.2143
2026-05-15,ASIAN,0,0,0,0,0,0,0.0,0.0000,10000.00,0.4411,0.2143
2026-05-15,ASIAN,0,0,0,0,0,0,0.0,0.0000,10000.00,0.4411,0.2143
2026-05-18,ASIAN,4,4,0,4,4,0,100.0,14.9000,10014.90,0.5650,0.2069
2026-05-18,ASIAN,0,0,0,0,0,0,0.0,0.0000,10000.00,0.5650,0.2069
2026-05-18,ASIAN,0,0,0,0,0,0,0.0,0.0000,10000.00,0.5650,0.2069
2026-05-18,ASIAN,0,0,0,0,0,0,0.0,0.0000,10000.00,0.5650,0.2069
2026-05-18,ASIAN,0,0,0,0,0,0,0.0,0.0000,10000.00,0.5650,0.2069
2026-05-18,ASIAN,0,0,0,0,0,0,0.0,0.0000,10000.00,0.5650,0.2069
2026-05-18,ASIAN,0,0,0,0,0,0,0.0,0.0000,10000.00,0.5650,0.2069
2026-05-19,ASIAN,0,0,0,0,0,0,0.0,0.0000,10000.00,0.4031,0.2287
2026-05-19,ASIAN,0,0,0,0,0,0,0.0,0.0000,10000.00,0.4031,0.2287
2026-05-19,ASIAN,0,0,0,0,0,0,0.0,0.0000,10000.00,0.4031,0.2287
2026-05-19,ASIAN,0,0,0,0,0,0,0.0,0.0000,10000.00,0.4031,0.2287
2026-05-19,ASIAN,0,0,0,0,0,0,0.0,0.0000,10000.00,0.4031,0.2287
2026-05-19,ASIAN,0,0,0,0,0,0,0.0,0.0000,10000.00,0.4031,0.2287
2026-05-19,ASIAN,0,0,0,0,0,0,0.0,0.0000,10000.00,0.4031,0.2287
2026-05-20,ASIAN,0,0,0,0,0,0,0.0,0.0000,10000.00,0.4232,0.2204
2026-05-20,ASIAN,0,0,0,0,0,0,0.0,0.0000,10000.00,0.4232,0.2204
2026-05-20,ASIAN,0,0,0,0,0,0,0.0,0.0000,10000.00,0.4232,0.2204
2026-05-20,ASIAN,0,0,0,0,0,0,0.0,0.0000,10000.00,0.4232,0.2204
2026-05-20,ASIAN,0,0,0,0,0,0,0.0,0.0000,10000.00,0.4232,0.2204
2026-05-20,ASIAN,0,0,0,0,0,0,0.0,0.0000,10000.00,0.4232,0.2204
2026-05-20,ASIAN,0,0,0,0,0,0,0.0,0.0000,10000.00,0.4232,0.2204
2026-05-21,ASIAN,0,0,0,0,0,0,0.0,0.0000,10000.00,0.4087,0.2316
2026-05-21,ASIAN,0,0,0,0,0,0,0.0,0.0000,10000.00,0.4087,0.2316
2026-05-21,ASIAN,0,0,0,0,0,0,0.0,0.0000,10000.00,0.4087,0.2316
2026-05-21,ASIAN,0,0,0,0,0,0,0.0,0.0000,10000.00,0.4087,0.2316
2026-05-21,ASIAN,0,0,0,0,0,0,0.0,0.0000,10000.00,0.4087,0.2316
2026-05-21,ASIAN,0,0,0,0,0,0,0.0,0.0000,10000.00,0.4087,0.2316
2026-05-21,ASIAN,0,0,0,0,0,0,0.0,0.0000,10000.00,0.4087,0.2316
2026-05-22,ASIAN,0,0,0,0,0,0,0.0,0.0000,10000.00,0.4046,0.2255
2026-05-22,ASIAN,0,0,0,0,0,0,0.0,0.0000,10000.00,0.4046,0.2255
2026-05-22,ASIAN,0,0,0,0,0,0,0.0,0.0000,10000.00,0.4046,0.2255
2026-05-22,ASIAN,0,0,0,0,0,0,0.0,0.0000,10000.00,0.4046,0.2255
2026-05-22,ASIAN,0,0,0,0,0,0,0.0,0.0000,10000.00,0.4046,0.2255
2026-05-22,ASIAN,0,0,0,0,0,0,0.0,0.0000,10000.00,0.4046,0.2255
2026-05-22,ASIAN,0,0,0,0,0,0,0.0,0.0000,10000.00,0.4046,0.2255
2026-05-25,ASIAN,0,0,0,0,0,0,0.0,0.0000,10000.00,0.4142,0.2188
2026-05-25,ASIAN,0,0,0,0,0,0,0.0,0.0000,10000.00,0.4142,0.2188
2026-05-25,ASIAN,0,0,0,0,0,0,0.0,0.0000,10000.00,0.4142,0.2188
2026-05-25,ASIAN,0,0,0,0,0,0,0.0,0.0000,10000.00,0.4142,0.2188
2026-05-25,ASIAN,0,0,0,0,0,0,0.0,0.0000,10000.00,0.4142,0.2188
2026-05-25,ASIAN,0,0,0,0,0,0,0.0,0.0000,10000.00,0.4142,0.2188
2026-05-25,ASIAN,0,0,0,0,0,0,0.0,0.0000,10000.00,0.4142,0.2188
2026-05-26,ASIAN,0,0,0,0,0,0,0.0,0.0000,10000.00,0.4285,0.2180
2026-05-26,ASIAN,0,0,0,0,0,0,0.0,0.0000,10000.00,0.4285,0.2180
2026-05-26,ASIAN,0,0,0,0,0,0,0.0,0.0000,10000.00,0.4285,0.2180
2026-05-26,ASIAN,0,0,0,0,0,0,0.0,0.0000,10000.00,0.4285,0.2180
2026-05-26,ASIAN,0,0,0,0,0,0,0.0,0.0000,10000.00,0.4285,0.2180
2026-05-26,ASIAN,0,0,0,0,0,0,0.0,0.0000,10000.00,0.4285,0.2180
2026-05-26,ASIAN,0,0,0,0,0,0,0.0,0.0000,10000.00,0.4285,0.2180
2026-05-27,ASIAN,0,0,0,0,0,0,0.0,0.0000,10000.00,0.4428,0.2275
2026-05-27,ASIAN,0,0,0,0,0,0,0.0,0.0000,10000.00,0.4428,0.2275
2026-05-27,ASIAN,0,0,0,0,0,0,0.0,0.0000,10000.00,0.4428,0.2275
2026-05-27,ASIAN,0,0,0,0,0,0,0.0,0.0000,10000.00,0.4428,0.2275
2026-05-27,ASIAN,0,0,0,0,0,0,0.0,0.0000,10000.00,0.4428,0.2275
2026-05-27,ASIAN,0,0,0,0,0,0,0.0,0.0000,10000.00,0.4428,0.2275
2026-05-27,ASIAN,0,0,0,0,0,0,0.0,0.0000,10000.00,0.4428,0.2275
2026-05-28,ASIAN,0,0,0,0,0,0,0.0,0.0000,10000.00,0.3997,0.2245
2026-05-28,ASIAN,0,0,0,0,0,0,0.0,0.0000,10000.00,0.3997,0.2245
2026-05-28,ASIAN,0,0,0,0,0,0,0.0,0.0000,10000.00,0.3997,0.2245
2026-05-28,ASIAN,0,0,0,0,0,0,0.0,0.0000,10000.00,0.3997,0.2245
2026-05-28,ASIAN,0,0,0,0,0,0,0.0,0.0000,10000.00,0.3997,0.2245
2026-05-28,ASIAN,0,0,0,0,0,0,0.0,0.0000,10000.00,0.3997,0.2245
2026-05-28,ASIAN,0,0,0,0,0,0,0.0,0.0000,10000.00,0.3997,0.2245
2026-05-29,ASIAN,0,0,0,0,0,0,0.0,0.0000,10000.00,0.4180,0.2335
2026-05-29,ASIAN,0,0,0,0,0,0,0.0,0.0000,10000.00,0.4180,0.2335
2026-05-29,ASIAN,0,0,0,0,0,0,0.0,0.0000,10000.00,0.4180,0.2335
2026-05-29,ASIAN,0,0,0,0,0,0,0.0,0.0000,10000.00,0.4180,0.2335
2026-05-29,ASIAN,0,0,0,0,0,0,0.0,0.0000,10000.00,0.4180,0.2335
2026-05-29,ASIAN,0,0,0,0,0,0,0.0,0.0000,10000.00,0.4180,0.2335
2026-05-29,ASIAN,0,0,0,0,0,0,0.0,0.0000,10000.00,0.4180,0.2335
2026-05-01,ASIAN,0,0,0,0,0,0,0.0,0.0000,10000.00,0.4443,0.2003
2026-05-01,ASIAN,0,0,0,0,0,0,0.0,0.0000,10000.00,0.4443,0.2003
2026-05-01,ASIAN,0,0,0,0,0,0,0.0,0.0000,10000.00,0.4443,0.2003
2026-05-01,ASIAN,0,0,0,0,0,0,0.0,0.0000,10000.00,0.4443,0.2003
2026-05-01,ASIAN,0,0,0,0,0,0,0.0,0.0000,10000.00,0.4443,0.2003
2026-05-01,ASIAN,0,0,0,0,0,0,0.0,0.0000,10000.00,0.4443,0.2003
2026-05-01,ASIAN,0,0,0,0,0,0,0.0,0.0000,10000.00,0.4443,0.2003
2026-05-04,ASIAN,0,0,0,0,0,0,0.0,0.0000,10000.00,0.4457,0.2511
2026-05-04,ASIAN,0,0,0,0,0,0,0.0,0.0000,10000.00,0.4457,0.2511
2026-05-04,ASIAN,0,0,0,0,0,0,0.0,0.0000,10000.00,0.4457,0.2511
2026-05-04,ASIAN,0,0,0,0,0,0,0.0,0.0000,10000.00,0.4457,0.2511
2026-05-04,ASIAN,0,0,0,0,0,0,0.0,0.0000,10000.00,0.4457,0.2511
2026-05-04,ASIAN,0,0,0,0,0,0,0.0,0.0000,10000.00,0.4457,0.2511
2026-05-04,ASIAN,0,0,0,0,0,0,0.0,0.0000,10000.00,0.4457,0.2511
2026-05-05,ASIAN,0,0,0,0,0,0,0.0,0.0000,10000.00,0.4430,0.2077
2026-05-05,ASIAN,0,0,0,0,0,0,0.0,0.0000,10000.00,0.4430,0.2077
2026-05-05,ASIAN,0,0,0,0,0,0,0.0,0.0000,10000.00,0.4430,0.2077
2026-05-05,ASIAN,0,0,0,0,0,0,0.0,0.0000,10000.00,0.4430,0.2077
2026-05-05,ASIAN,0,0,0,0,0,0,0.0,0.0000,10000.00,0.4430,0.2077
2026-05-05,ASIAN,0,0,0,0,0,0,0.0,0.0000,10000.00,0.4430,0.2077
2026-05-05,ASIAN,0,0,0,0,0,0,0.0,0.0000,10000.00,0.4430,0.2077
2026-05-06,ASIAN,0,0,0,0,0,0,0.0,0.0000,10000.00,0.4511,0.1852
2026-05-06,ASIAN,0,0,0,0,0,0,0.0,0.0000,10000.00,0.4511,0.1852
2026-05-06,ASIAN,0,0,0,0,0,0,0.0,0.0000,10000.00,0.4511,0.1852
2026-05-06,ASIAN,0,0,0,0,0,0,0.0,0.0000,10000.00,0.4511,0.1852
2026-05-06,ASIAN,0,0,0,0,0,0,0.0,0.0000,10000.00,0.4511,0.1852
2026-05-06,ASIAN,0,0,0,0,0,0,0.0,0.0000,10000.00,0.4511,0.1852
2026-05-06,ASIAN,0,0,0,0,0,0,0.0,0.0000,10000.00,0.4511,0.1852
2026-05-07,ASIAN,0,0,0,0,0,0,0.0,0.0000,10000.00,0.4452,0.1896
2026-05-07,ASIAN,0,0,0,0,0,0,0.0,0.0000,10000.00,0.4452,0.1896
2026-05-07,ASIAN,0,0,0,0,0,0,0.0,0.0000,10000.00,0.4452,0.1896
2026-05-07,ASIAN,0,0,0,0,0,0,0.0,0.0000,10000.00,0.4452,0.1896
2026-05-07,ASIAN,0,0,0,0,0,0,0.0,0.0000,10000.00,0.4452,0.1896
2026-05-07,ASIAN,0,0,0,0,0,0,0.0,0.0000,10000.00,0.4452,0.1896
2026-05-07,ASIAN,0,0,0,0,0,0,0.0,0.0000,10000.00,0.4452,0.1896
2026-05-08,ASIAN,0,0,0,0,0,0,0.0,0.0000,10000.00,0.4631,0.1893
2026-05-08,ASIAN,0,0,0,0,0,0,0.0,0.0000,10000.00,0.4631,0.1893
2026-05-08,ASIAN,0,0,0,0,0,0,0.0,0.0000,10000.00,0.4631,0.1893
2026-05-08,ASIAN,0,0,0,0,0,0,0.0,0.0000,10000.00,0.4631,0.1893
2026-05-08,ASIAN,0,0,0,0,0,0,0.0,0.0000,10000.00,0.4631,0.1893
2026-05-08,ASIAN,0,0,0,0,0,0,0.0,0.0000,10000.00,0.4631,0.1893
2026-05-08,ASIAN,0,0,0,0,0,0,0.0,0.0000,10000.00,0.4631,0.1893
2026-05-11,ASIAN,0,0,0,0,0,0,0.0,0.0000,10000.00,0.4848,0.1688
2026-05-11,ASIAN,0,0,0,0,0,0,0.0,0.0000,10000.00,0.4848,0.1688
2026-05-11,ASIAN,0,0,0,0,0,0,0.0,0.0000,10000.00,0.4848,0.1688
2026-05-11,ASIAN,0,0,0,0,0,0,0.0,0.0000,10000.00,0.4848,0.1688
2026-05-11,ASIAN,0,0,0,0,0,0,0.0,0.0000,10000.00,0.4848,0.1688
2026-05-11,ASIAN,0,0,0,0,0,0,0.0,0.0000,10000.00,0.4848,0.1688
2026-05-11,ASIAN,0,0,0,0,0,0,0.0,0.0000,10000.00,0.4848,0.1688
2026-05-12,ASIAN,0,0,0,0,0,0,0.0,0.0000,10000.00,0.4401,0.1851
2026-05-12,ASIAN,0,0,0,0,0,0,0.0,0.0000,10000.00,0.4401,0.1851
2026-05-12,ASIAN,0,0,0,0,0,0,0.0,0.0000,10000.00,0.4401,0.1851
2026-05-12,ASIAN,0,0,0,0,0,0,0.0,0.0000,10000.00,0.4401,0.1851
2026-05-12,ASIAN,0,0,0,0,0,0,0.0,0.0000,10000.00,0.4401,0.1851
2026-05-12,ASIAN,0,0,0,0,0,0,0.0,0.0000,10000.00,0.4401,0.1851
2026-05-12,ASIAN,0,0,0,0,0,0,0.0,0.0000,10000.00,0.4401,0.1851
2026-05-13,ASIAN,0,0,0,0,0,0,0.0,0.0000,10000.00,0.5240,0.1829
2026-05-13,ASIAN,0,0,0,0,0,0,0.0,0.0000,10000.00,0.5240,0.1829
2026-05-13,ASIAN,0,0,0,0,0,0,0.0,0.0000,10000.00,0.5240,0.1829
2026-05-13,ASIAN,0,0,0,0,0,0,0.0,0.0000,10000.00,0.5240,0.1829
2026-05-13,ASIAN,0,0,0,0,0,0,0.0,0.0000,10000.00,0.5240,0.1829
2026-05-13,ASIAN,0,0,0,0,0,0,0.0,0.0000,10000.00,0.5240,0.1829
2026-05-13,ASIAN,0,0,0,0,0,0,0.0,0.0000,10000.00,0.5240,0.1829
2026-05-14,ASIAN,0,0,0,0,0,0,0.0,0.0000,10000.00,0.4415,0.2016
2026-05-14,ASIAN,0,0,0,0,0,0,0.0,0.0000,10000.00,0.4415,0.2016
2026-05-14,ASIAN,0,0,0,0,0,0,0.0,0.0000,10000.00,0.4415,0.2016
2026-05-14,ASIAN,0,0,0,0,0,0,0.0,0.0000,10000.00,0.4415,0.2016
2026-05-14,ASIAN,0,0,0,0,0,0,0.0,0.0000,10000.00,0.4415,0.2016
2026-05-14,ASIAN,0,0,0,0,0,0,0.0,0.0000,10000.00,0.4415,0.2016
2026-05-14,ASIAN,0,0,0,0,0,0,0.0,0.0000,10000.00,0.4415,0.2016
2026-05-15,ASIAN,0,0,0,0,0,0,0.0,0.0000,10000.00,0.4760,0.1851
2026-05-15,ASIAN,0,0,0,0,0,0,0.0,0.0000,10000.00,0.4760,0.1851
2026-05-15,ASIAN,0,0,0,0,0,0,0.0,0.0000,10000.00,0.4760,0.1851
2026-05-15,ASIAN,0,0,0,0,0,0,0.0,0.0000,10000.00,0.4760,0.1851
2026-05-15,ASIAN,0,0,0,0,0,0,0.0,0.0000,10000.00,0.4760,0.1851
2026-05-15,ASIAN,0,0,0,0,0,0,0.0,0.0000,10000.00,0.4760,0.1851
2026-05-15,ASIAN,0,0,0,0,0,0,0.0,0.0000,10000.00,0.4760,0.1851
2026-05-18,ASIAN,0,0,0,0,0,0,0.0,0.0000,10000.00,0.5133,0.1817
2026-05-18,ASIAN,0,0,0,0,0,0,0.0,0.0000,10000.00,0.5133,0.1817
2026-05-18,ASIAN,0,0,0,0,0,0,0.0,0.0000,10000.00,0.5133,0.1817
2026-05-18,ASIAN,0,0,0,0,0,0,0.0,0.0000,10000.00,0.5133,0.1817
2026-05-18,ASIAN,0,0,0,0,0,0,0.0,0.0000,10000.00,0.5133,0.1817
2026-05-18,ASIAN,0,0,0,0,0,0,0.0,0.0000,10000.00,0.5133,0.1817
2026-05-18,ASIAN,0,0,0,0,0,0,0.0,0.0000,10000.00,0.5133,0.1817
2026-05-19,ASIAN,0,0,0,0,0,0,0.0,0.0000,10000.00,0.4552,0.2041
2026-05-19,ASIAN,0,0,0,0,0,0,0.0,0.0000,10000.00,0.4552,0.2041
2026-05-19,ASIAN,0,0,0,0,0,0,0.0,0.0000,10000.00,0.4552,0.2041
2026-05-19,ASIAN,0,0,0,0,0,0,0.0,0.0000,10000.00,0.4552,0.2041
2026-05-19,ASIAN,0,0,0,0,0,0,0.0,0.0000,10000.00,0.4552,0.2041
2026-05-19,ASIAN,0,0,0,0,0,0,0.0,0.0000,10000.00,0.4552,0.2041
2026-05-19,ASIAN,0,0,0,0,0,0,0.0,0.0000,10000.00,0.4552,0.2041
2026-05-20,ASIAN,0,0,0,0,0,0,0.0,0.0000,10000.00,0.4751,0.1877
2026-05-20,ASIAN,0,0,0,0,0,0,0.0,0.0000,10000.00,0.4751,0.1877
2026-05-20,ASIAN,0,0,0,0,0,0,0.0,0.0000,10000.00,0.4751,0.1877
2026-05-20,ASIAN,0,0,0,0,0,0,0.0,0.0000,10000.00,0.4751,0.1877
2026-05-20,ASIAN,0,0,0,0,0,0,0.0,0.0000,10000.00,0.4751,0.1877
2026-05-20,ASIAN,0,0,0,0,0,0,0.0,0.0000,10000.00,0.4751,0.1877
2026-05-20,ASIAN,0,0,0,0,0,0,0.0,0.0000,10000.00,0.4751,0.1877
2026-05-21,ASIAN,0,0,0,0,0,0,0.0,0.0000,10000.00,0.4550,0.1914
2026-05-21,ASIAN,0,0,0,0,0,0,0.0,0.0000,10000.00,0.4550,0.1914
2026-05-21,ASIAN,0,0,0,0,0,0,0.0,0.0000,10000.00,0.4550,0.1914
2026-05-21,ASIAN,0,0,0,0,0,0,0.0,0.0000,10000.00,0.4550,0.1914
2026-05-21,ASIAN,0,0,0,0,0,0,0.0,0.0000,10000.00,0.4550,0.1914
2026-05-21,ASIAN,0,0,0,0,0,0,0.0,0.0000,10000.00,0.4550,0.1914
2026-05-21,ASIAN,0,0,0,0,0,0,0.0,0.0000,10000.00,0.4550,0.1914
2026-05-22,ASIAN,0,0,0,0,0,0,0.0,0.0000,10000.00,0.4479,0.1902
2026-05-22,ASIAN,0,0,0,0,0,0,0.0,0.0000,10000.00,0.4479,0.1902
2026-05-22,ASIAN,0,0,0,0,0,0,0.0,0.0000,10000.00,0.4479,0.1902
2026-05-22,ASIAN,0,0,0,0,0,0,0.0,0.0000,10000.00,0.4479,0.1902
2026-05-22,ASIAN,0,0,0,0,0,0,0.0,0.0000,10000.00,0.4479,0.1902
2026-05-22,ASIAN,0,0,0,0,0,0,0.0,0.0000,10000.00,0.4479,0.1902
2026-05-22,ASIAN,0,0,0,0,0,0,0.0,0.0000,10000.00,0.4479,0.1902
2026-05-25,ASIAN,0,0,0,0,0,0,0.0,0.0000,10000.00,0.4320,0.1921
2026-05-25,ASIAN,0,0,0,0,0,0,0.0,0.0000,10000.00,0.4320,0.1921
2026-05-25,ASIAN,0,0,0,0,0,0,0.0,0.0000,10000.00,0.4320,0.1921
2026-05-25,ASIAN,0,0,0,0,0,0,0.0,0.0000,10000.00,0.4320,0.1921
2026-05-25,ASIAN,0,0,0,0,0,0,0.0,0.0000,10000.00,0.4320,0.1921
2026-05-25,ASIAN,0,0,0,0,0,0,0.0,0.0000,10000.00,0.4320,0.1921
2026-05-25,ASIAN,0,0,0,0,0,0,0.0,0.0000,10000.00,0.4320,0.1921
2026-05-26,ASIAN,0,0,0,0,0,0,0.0,0.0000,10000.00,0.4667,0.1875
2026-05-26,ASIAN,0,0,0,0,0,0,0.0,0.0000,10000.00,0.4667,0.1875
2026-05-26,ASIAN,0,0,0,0,0,0,0.0,0.0000,10000.00,0.4667,0.1875
2026-05-26,ASIAN,0,0,0,0,0,0,0.0,0.0000,10000.00,0.4667,0.1875
2026-05-26,ASIAN,0,0,0,0,0,0,0.0,0.0000,10000.00,0.4667,0.1875
2026-05-26,ASIAN,0,0,0,0,0,0,0.0,0.0000,10000.00,0.4667,0.1875
2026-05-26,ASIAN,0,0,0,0,0,0,0.0,0.0000,10000.00,0.4667,0.1875
2026-05-27,ASIAN,0,0,0,0,0,0,0.0,0.0000,10000.00,0.4516,0.1932
2026-05-27,ASIAN,0,0,0,0,0,0,0.0,0.0000,10000.00,0.4516,0.1932
2026-05-27,ASIAN,0,0,0,0,0,0,0.0,0.0000,10000.00,0.4516,0.1932
2026-05-27,ASIAN,0,0,0,0,0,0,0.0,0.0000,10000.00,0.4516,0.1932
2026-05-27,ASIAN,0,0,0,0,0,0,0.0,0.0000,10000.00,0.4516,0.1932
2026-05-27,ASIAN,0,0,0,0,0,0,0.0,0.0000,10000.00,0.4516,0.1932
2026-05-27,ASIAN,0,0,0,0,0,0,0.0,0.0000,10000.00,0.4516,0.1932
2026-05-28,ASIAN,0,0,0,0,0,0,0.0,0.0000,10000.00,0.4437,0.1938
2026-05-28,ASIAN,0,0,0,0,0,0,0.0,0.0000,10000.00,0.4437,0.1938
2026-05-28,ASIAN,0,0,0,0,0,0,0.0,0.0000,10000.00,0.4437,0.1938
2026-05-28,ASIAN,0,0,0,0,0,0,0.0,0.0000,10000.00,0.4437,0.1938
2026-05-28,ASIAN,0,0,0,0,0,0,0.0,0.0000,10000.00,0.4437,0.1938
2026-05-28,ASIAN,0,0,0,0,0,0,0.0,0.0000,10000.00,0.4437,0.1938
2026-05-28,ASIAN,0,0,0,0,0,0,0.0,0.0000,10000.00,0.4437,0.1938
2026-05-29,ASIAN,0,0,0,0,0,0,0.0,0.0000,10000.00,0.4534,0.1970
2026-05-29,ASIAN,0,0,0,0,0,0,0.0,0.0000,10000.00,0.4534,0.1970
2026-05-29,ASIAN,0,0,0,0,0,0,0.0,0.0000,10000.00,0.4534,0.1970
2026-05-29,ASIAN,0,0,0,0,0,0,0.0,0.0000,10000.00,0.4534,0.1970
2026-05-29,ASIAN,0,0,0,0,0,0,0.0,0.0000,10000.00,0.4534,0.1970
2026-05-29,ASIAN,0,0,0,0,0,0,0.0,0.0000,10000.00,0.4534,0.1970
2026-05-29,ASIAN,0,0,0,0,0,0,0.0,0.0000,10000.00,0.4534,0.1970
2026-05-01,NY,0,0,0,0,0,0,0.0,0.0000,10000.00,0.3559,0.4345
2026-05-01,NY,0,0,0,0,0,0,0.0,0.0000,10000.00,0.3559,0.4345
2026-05-01,NY,0,0,0,0,0,0,0.0,0.0000,10000.00,0.3559,0.4345
2026-05-01,NY,0,0,0,0,0,0,0.0,0.0000,10000.00,0.3559,0.4345
2026-05-01,NY,0,0,0,0,0,0,0.0,0.0000,10000.00,0.3559,0.4345
2026-05-01,NY,0,0,0,0,0,0,0.0,0.0000,10000.00,0.3559,0.4345
2026-05-01,NY,0,0,0,0,0,0,0.0,0.0000,10000.00,0.3559,0.4345
2026-05-04,NY,0,0,0,0,0,0,0.0,0.0000,10000.00,0.4356,0.3594
2026-05-04,NY,0,0,0,0,0,0,0.0,0.0000,10000.00,0.4356,0.3594
2026-05-04,NY,0,0,0,0,0,0,0.0,0.0000,10000.00,0.4356,0.3594
2026-05-04,NY,0,0,0,0,0,0,0.0,0.0000,10000.00,0.4356,0.3594
2026-05-04,NY,0,0,0,0,0,0,0.0,0.0000,10000.00,0.4356,0.3594
2026-05-04,NY,0,0,0,0,0,0,0.0,0.0000,10000.00,0.4356,0.3594
2026-05-04,NY,0,0,0,0,0,0,0.0,0.0000,10000.00,0.4356,0.3594
2026-05-05,NY,0,0,0,0,0,0,0.0,0.0000,10000.00,0.4345,0.3967
2026-05-05,NY,0,0,0,0,0,0,0.0,0.0000,10000.00,0.4345,0.3967
2026-05-05,NY,0,0,0,0,0,0,0.0,0.0000,10000.00,0.4345,0.3967
2026-05-05,NY,0,0,0,0,0,0,0.0,0.0000,10000.00,0.4345,0.3967
2026-05-05,NY,0,0,0,0,0,0,0.0,0.0000,10000.00,0.4345,0.3967
2026-05-05,NY,0,0,0,0,0,0,0.0,0.0000,10000.00,0.4345,0.3967
2026-05-05,NY,0,0,0,0,0,0,0.0,0.0000,10000.00,0.4345,0.3967
2026-05-06,NY,0,0,0,0,0,0,0.0,0.0000,10000.00,0.4690,0.2202
2026-05-06,NY,0,0,0,0,0,0,0.0,0.0000,10000.00,0.4690,0.2202
2026-05-06,NY,0,0,0,0,0,0,0.0,0.0000,10000.00,0.4690,0.2202
2026-05-06,NY,0,0,0,0,0,0,0.0,0.0000,10000.00,0.4690,0.2202
2026-05-06,NY,0,0,0,0,0,0,0.0,0.0000,10000.00,0.4690,0.2202
2026-05-06,NY,0,0,0,0,0,0,0.0,0.0000,10000.00,0.4690,0.2202
2026-05-06,NY,0,0,0,0,0,0,0.0,0.0000,10000.00,0.4690,0.2202
2026-05-07,NY,0,0,0,0,0,0,0.0,0.0000,10000.00,0.4820,0.1610
2026-05-07,NY,0,0,0,0,0,0,0.0,0.0000,10000.00,0.4820,0.1610
2026-05-07,NY,0,0,0,0,0,0,0.0,0.0000,10000.00,0.4820,0.1610
2026-05-07,NY,0,0,0,0,0,0,0.0,0.0000,10000.00,0.4820,0.1610
2026-05-07,NY,0,0,0,0,0,0,0.0,0.0000,10000.00,0.4820,0.1610
2026-05-07,NY,0,0,0,0,0,0,0.0,0.0000,10000.00,0.4820,0.1610
2026-05-07,NY,0,0,0,0,0,0,0.0,0.0000,10000.00,0.4820,0.1610
2026-05-08,NY,0,0,0,0,0,0,0.0,0.0000,10000.00,0.5212,0.2074
2026-05-08,NY,0,0,0,0,0,0,0.0,0.0000,10000.00,0.5212,0.2074
2026-05-08,NY,0,0,0,0,0,0,0.0,0.0000,10000.00,0.5212,0.2074
2026-05-08,NY,0,0,0,0,0,0,0.0,0.0000,10000.00,0.5212,0.2074
2026-05-08,NY,0,0,0,0,0,0,0.0,0.0000,10000.00,0.5212,0.2074
2026-05-08,NY,0,0,0,0,0,0,0.0,0.0000,10000.00,0.5212,0.2074
2026-05-08,NY,0,0,0,0,0,0,0.0,0.0000,10000.00,0.5212,0.2074
2026-05-11,NY,0,0,0,0,0,0,0.0,0.0000,10000.00,0.5087,0.1720
2026-05-11,NY,0,0,0,0,0,0,0.0,0.0000,10000.00,0.5087,0.1720
2026-05-11,NY,0,0,0,0,0,0,0.0,0.0000,10000.00,0.5087,0.1720
2026-05-11,NY,0,0,0,0,0,0,0.0,0.0000,10000.00,0.5087,0.1720
2026-05-11,NY,0,0,0,0,0,0,0.0,0.0000,10000.00,0.5087,0.1720
2026-05-11,NY,0,0,0,0,0,0,0.0,0.0000,10000.00,0.5087,0.1720
2026-05-11,NY,0,0,0,0,0,0,0.0,0.0000,10000.00,0.5087,0.1720
2026-05-12,NY,0,0,0,0,0,0,0.0,0.0000,10000.00,0.4662,0.3288
2026-05-12,NY,0,0,0,0,0,0,0.0,0.0000,10000.00,0.4662,0.3288
2026-05-12,NY,0,0,0,0,0,0,0.0,0.0000,10000.00,0.4662,0.3288
2026-05-12,NY,0,0,0,0,0,0,0.0,0.0000,10000.00,0.4662,0.3288
2026-05-12,NY,0,0,0,0,0,0,0.0,0.0000,10000.00,0.4662,0.3288
2026-05-12,NY,0,0,0,0,0,0,0.0,0.0000,10000.00,0.4662,0.3288
2026-05-12,NY,0,0,0,0,0,0,0.0,0.0000,10000.00,0.4662,0.3288
2026-05-13,NY,0,0,0,0,0,0,0.0,0.0000,10000.00,0.5101,0.3631
2026-05-13,NY,0,0,0,0,0,0,0.0,0.0000,10000.00,0.5101,0.3631
2026-05-13,NY,0,0,0,0,0,0,0.0,0.0000,10000.00,0.5101,0.3631
2026-05-13,NY,0,0,0,0,0,0,0.0,0.0000,10000.00,0.5101,0.3631
2026-05-13,NY,0,0,0,0,0,0,0.0,0.0000,10000.00,0.5101,0.3631
2026-05-13,NY,0,0,0,0,0,0,0.0,0.0000,10000.00,0.5101,0.3631
2026-05-13,NY,0,0,0,0,0,0,0.0,0.0000,10000.00,0.5101,0.3631
2026-05-14,NY,0,0,0,0,0,0,0.0,0.0000,10000.00,0.4871,0.2712
2026-05-14,NY,0,0,0,0,0,0,0.0,0.0000,10000.00,0.4871,0.2712
2026-05-14,NY,0,0,0,0,0,0,0.0,0.0000,10000.00,0.4871,0.2712
2026-05-14,NY,0,0,0,0,0,0,0.0,0.0000,10000.00,0.4871,0.2712
2026-05-14,NY,0,0,0,0,0,0,0.0,0.0000,10000.00,0.4871,0.2712
2026-05-14,NY,0,0,0,0,0,0,0.0,0.0000,10000.00,0.4871,0.2712
2026-05-14,NY,0,0,0,0,0,0,0.0,0.0000,10000.00,0.4871,0.2712
2026-05-15,NY,0,0,0,0,0,0,0.0,0.0000,10000.00,0.5072,0.2061
2026-05-15,NY,0,0,0,0,0,0,0.0,0.0000,10000.00,0.5072,0.2061
2026-05-15,NY,0,0,0,0,0,0,0.0,0.0000,10000.00,0.5072,0.2061
2026-05-15,NY,0,0,0,0,0,0,0.0,0.0000,10000.00,0.5072,0.2061
2026-05-15,NY,0,0,0,0,0,0,0.0,0.0000,10000.00,0.5072,0.2061
2026-05-01,NY,0,0,0,0,0,0,0.0,0.0000,10000.00,0.3559,0.4345
2026-05-01,NY,0,0,0,0,0,0,0.0,0.0000,10000.00,0.3559,0.4345
2026-05-01,NY,0,0,0,0,0,0,0.0,0.0000,10000.00,0.3559,0.4345
2026-05-01,NY,0,0,0,0,0,0,0.0,0.0000,10000.00,0.3559,0.4345
2026-05-01,NY,0,0,0,0,0,0,0.0,0.0000,10000.00,0.3559,0.4345
2026-05-01,NY,0,0,0,0,0,0,0.0,0.0000,10000.00,0.3559,0.4345
2026-05-01,NY,0,0,0,0,0,0,0.0,0.0000,10000.00,0.3559,0.4345
2026-05-04,NY,0,0,0,0,0,0,0.0,0.0000,10000.00,0.4356,0.3594
2026-05-04,NY,0,0,0,0,0,0,0.0,0.0000,10000.00,0.4356,0.3594
2026-05-04,NY,0,0,0,0,0,0,0.0,0.0000,10000.00,0.4356,0.3594
2026-05-04,NY,0,0,0,0,0,0,0.0,0.0000,10000.00,0.4356,0.3594
2026-05-04,NY,0,0,0,0,0,0,0.0,0.0000,10000.00,0.4356,0.3594
2026-05-04,NY,0,0,0,0,0,0,0.0,0.0000,10000.00,0.4356,0.3594
2026-05-04,NY,0,0,0,0,0,0,0.0,0.0000,10000.00,0.4356,0.3594
2026-05-05,NY,0,0,0,0,0,0,0.0,0.0000,10000.00,0.4345,0.3967
2026-05-05,NY,0,0,0,0,0,0,0.0,0.0000,10000.00,0.4345,0.3967
2026-05-05,NY,0,0,0,0,0,0,0.0,0.0000,10000.00,0.4345,0.3967
2026-05-05,NY,0,0,0,0,0,0,0.0,0.0000,10000.00,0.4345,0.3967
2026-05-05,NY,0,0,0,0,0,0,0.0,0.0000,10000.00,0.4345,0.3967
2026-05-05,NY,0,0,0,0,0,0,0.0,0.0000,10000.00,0.4345,0.3967
2026-05-05,NY,0,0,0,0,0,0,0.0,0.0000,10000.00,0.4345,0.3967
2026-05-06,NY,0,0,0,0,0,0,0.0,0.0000,10000.00,0.4690,0.2202
2026-05-06,NY,0,0,0,0,0,0,0.0,0.0000,10000.00,0.4690,0.2202
2026-05-06,NY,0,0,0,0,0,0,0.0,0.0000,10000.00,0.4690,0.2202
2026-05-06,NY,0,0,0,0,0,0,0.0,0.0000,10000.00,0.4690,0.2202
2026-05-06,NY,0,0,0,0,0,0,0.0,0.0000,10000.00,0.4690,0.2202
2026-05-06,NY,0,0,0,0,0,0,0.0,0.0000,10000.00,0.4690,0.2202
2026-05-06,NY,0,0,0,0,0,0,0.0,0.0000,10000.00,0.4690,0.2202
2026-05-07,NY,0,0,0,0,0,0,0.0,0.0000,10000.00,0.4820,0.1610
2026-05-07,NY,0,0,0,0,0,0,0.0,0.0000,10000.00,0.4820,0.1610
2026-05-07,NY,0,0,0,0,0,0,0.0,0.0000,10000.00,0.4820,0.1610
2026-05-07,NY,0,0,0,0,0,0,0.0,0.0000,10000.00,0.4820,0.1610
2026-05-07,NY,0,0,0,0,0,0,0.0,0.0000,10000.00,0.4820,0.1610
2026-05-07,NY,0,0,0,0,0,0,0.0,0.0000,10000.00,0.4820,0.1610
2026-05-07,NY,0,0,0,0,0,0,0.0,0.0000,10000.00,0.4820,0.1610
2026-05-08,NY,0,0,0,0,0,0,0.0,0.0000,10000.00,0.5212,0.2074
2026-05-08,NY,0,0,0,0,0,0,0.0,0.0000,10000.00,0.5212,0.2074
2026-05-08,NY,0,0,0,0,0,0,0.0,0.0000,10000.00,0.5212,0.2074
2026-05-08,NY,0,0,0,0,0,0,0.0,0.0000,10000.00,0.5212,0.2074
2026-05-08,NY,0,0,0,0,0,0,0.0,0.0000,10000.00,0.5212,0.2074
2026-05-08,NY,0,0,0,0,0,0,0.0,0.0000,10000.00,0.5212,0.2074
2026-05-08,NY,0,0,0,0,0,0,0.0,0.0000,10000.00,0.5212,0.2074
2026-05-11,NY,0,0,0,0,0,0,0.0,0.0000,10000.00,0.5087,0.1720
2026-05-11,NY,0,0,0,0,0,0,0.0,0.0000,10000.00,0.5087,0.1720
2026-05-11,NY,0,0,0,0,0,0,0.0,0.0000,10000.00,0.5087,0.1720
2026-05-11,NY,0,0,0,0,0,0,0.0,0.0000,10000.00,0.5087,0.1720
2026-05-11,NY,0,0,0,0,0,0,0.0,0.0000,10000.00,0.5087,0.1720
2026-05-01,NY,0,0,0,0,0,0,0.0,0.0000,10000.00,0.3872,0.3876
2026-05-01,NY,0,0,0,0,0,0,0.0,0.0000,10000.00,0.3872,0.3876
2026-05-01,NY,0,0,0,0,0,0,0.0,0.0000,10000.00,0.3872,0.3876
2026-05-01,NY,0,0,0,0,0,0,0.0,0.0000,10000.00,0.3872,0.3876
2026-05-01,NY,0,0,0,0,0,0,0.0,0.0000,10000.00,0.3872,0.3876
2026-05-01,NY,0,0,0,0,0,0,0.0,0.0000,10000.00,0.3872,0.3876
2026-05-01,NY,0,0,0,0,0,0,0.0,0.0000,10000.00,0.3872,0.3876
2026-05-04,NY,0,0,0,0,0,0,0.0,0.0000,10000.00,0.5347,0.3349
2026-05-04,NY,0,0,0,0,0,0,0.0,0.0000,10000.00,0.5347,0.3349
2026-05-04,NY,0,0,0,0,0,0,0.0,0.0000,10000.00,0.5347,0.3349
2026-05-04,NY,0,0,0,0,0,0,0.0,0.0000,10000.00,0.5347,0.3349
2026-05-04,NY,0,0,0,0,0,0,0.0,0.0000,10000.00,0.5347,0.3349
2026-05-04,NY,0,0,0,0,0,0,0.0,0.0000,10000.00,0.5347,0.3349
2026-05-04,NY,0,0,0,0,0,0,0.0,0.0000,10000.00,0.5347,0.3349
2026-05-05,NY,5,5,0,3,3,0,100.0,9.1000,10009.10,0.5573,0.3844
2026-05-05,NY,0,0,0,0,0,0,0.0,0.0000,10000.00,0.5573,0.3844
2026-05-05,NY,0,0,0,0,0,0,0.0,0.0000,10000.00,0.5573,0.3844
2026-05-05,NY,0,0,0,0,0,0,0.0,0.0000,10000.00,0.5573,0.3844
2026-05-05,NY,0,0,0,0,0,0,0.0,0.0000,10000.00,0.5573,0.3844
2026-05-05,NY,0,0,0,0,0,0,0.0,0.0000,10000.00,0.5573,0.3844
2026-05-05,NY,0,0,0,0,0,0,0.0,0.0000,10000.00,0.5573,0.3844
2026-05-06,NY,13,13,0,12,0,12,0.0,-21.3000,9978.70,0.5619,0.2087
2026-05-06,NY,0,0,0,0,0,0,0.0,0.0000,10000.00,0.5619,0.2087
2026-05-06,NY,0,0,0,0,0,0,0.0,0.0000,10000.00,0.5619,0.2087
2026-05-06,NY,0,0,0,0,0,0,0.0,0.0000,10000.00,0.5619,0.2087
2026-05-06,NY,0,0,0,0,0,0,0.0,0.0000,10000.00,0.5619,0.2087
2026-05-06,NY,0,0,0,0,0,0,0.0,0.0000,10000.00,0.5619,0.2087
2026-05-06,NY,0,0,0,0,0,0,0.0,0.0000,10000.00,0.5619,0.2087
2026-05-07,NY,62,62,0,62,15,47,24.2,-40.2000,9959.80,0.5982,0.1567
2026-05-07,NY,0,0,0,0,0,0,0.0,0.0000,10000.00,0.5982,0.1567
2026-05-07,NY,0,0,0,0,0,0,0.0,0.0000,10000.00,0.5982,0.1567
2026-05-07,NY,0,0,0,0,0,0,0.0,0.0000,10000.00,0.5982,0.1567
2026-05-07,NY,0,0,0,0,0,0,0.0,0.0000,10000.00,0.5982,0.1567
2026-05-07,NY,0,0,0,0,0,0,0.0,0.0000,10000.00,0.5982,0.1567
2026-05-07,NY,0,0,0,0,0,0,0.0,0.0000,10000.00,0.5982,0.1567
2026-05-08,NY,85,85,0,85,62,23,72.9,234.7000,10234.70,0.6434,0.2105
2026-05-08,NY,11,11,0,11,11,0,100.0,41.2000,10041.20,0.6434,0.2105
2026-05-08,NY,0,0,0,0,0,0,0.0,0.0000,10000.00,0.6434,0.2105
2026-05-08,NY,0,0,0,0,0,0,0.0,0.0000,10000.00,0.6434,0.2105
2026-05-08,NY,0,0,0,0,0,0,0.0,0.0000,10000.00,0.6434,0.2105
2026-05-08,NY,0,0,0,0,0,0,0.0,0.0000,10000.00,0.6434,0.2105
2026-05-08,NY,0,0,0,0,0,0,0.0,0.0000,10000.00,0.6434,0.2105
2026-05-11,NY,65,65,0,65,7,58,10.8,-76.0000,9924.00,0.6336,0.2094
2026-05-11,NY,2,2,0,2,1,1,50.0,2.0000,10002.00,0.6336,0.2094
2026-05-11,NY,0,0,0,0,0,0,0.0,0.0000,10000.00,0.6336,0.2094
2026-05-11,NY,0,0,0,0,0,0,0.0,0.0000,10000.00,0.6336,0.2094
2026-05-11,NY,0,0,0,0,0,0,0.0,0.0000,10000.00,0.6336,0.2094
2026-05-11,NY,0,0,0,0,0,0,0.0,0.0000,10000.00,0.6336,0.2094
2026-05-11,NY,0,0,0,0,0,0,0.0,0.0000,10000.00,0.6336,0.2094
2026-05-12,NY,4,4,0,4,1,3,25.0,-0.7000,9999.30,0.5554,0.3208
2026-05-12,NY,0,0,0,0,0,0,0.0,0.0000,10000.00,0.5554,0.3208
2026-05-12,NY,0,0,0,0,0,0,0.0,0.0000,10000.00,0.5554,0.3208
2026-05-12,NY,0,0,0,0,0,0,0.0,0.0000,10000.00,0.5554,0.3208
2026-05-12,NY,0,0,0,0,0,0,0.0,0.0000,10000.00,0.5554,0.3208
2026-05-12,NY,0,0,0,0,0,0,0.0,0.0000,10000.00,0.5554,0.3208
2026-05-12,NY,0,0,0,0,0,0,0.0,0.0000,10000.00,0.5554,0.3208
2026-05-13,NY,25,25,0,22,0,22,0.0,-94.0000,9906.00,0.6349,0.3364
2026-05-13,NY,3,3,0,3,0,3,0.0,-21.0000,9979.00,0.6349,0.3364
2026-05-13,NY,0,0,0,0,0,0,0.0,0.0000,10000.00,0.6349,0.3364
2026-05-13,NY,0,0,0,0,0,0,0.0,0.0000,10000.00,0.6349,0.3364
2026-05-13,NY,0,0,0,0,0,0,0.0,0.0000,10000.00,0.6349,0.3364
2026-05-13,NY,0,0,0,0,0,0,0.0,0.0000,10000.00,0.6349,0.3364
2026-05-13,NY,0,0,0,0,0,0,0.0,0.0000,10000.00,0.6349,0.3364
2026-05-14,NY,27,27,0,27,27,0,100.0,48.8000,10048.80,0.5724,0.2714
2026-05-14,NY,0,0,0,0,0,0,0.0,0.0000,10000.00,0.5724,0.2714
2026-05-14,NY,0,0,0,0,0,0,0.0,0.0000,10000.00,0.5724,0.2714
2026-05-14,NY,0,0,0,0,0,0,0.0,0.0000,10000.00,0.5724,0.2714
2026-05-14,NY,0,0,0,0,0,0,0.0,0.0000,10000.00,0.5724,0.2714
2026-05-14,NY,0,0,0,0,0,0,0.0,0.0000,10000.00,0.5724,0.2714
2026-05-14,NY,0,0,0,0,0,0,0.0,0.0000,10000.00,0.5724,0.2714
2026-05-15,NY,129,129,0,129,65,64,50.4,83.8000,10083.80,0.6178,0.1936
2026-05-15,NY,17,17,0,17,8,9,47.1,0.2000,10000.20,0.6178,0.1936
2026-05-15,NY,0,0,0,0,0,0,0.0,0.0000,10000.00,0.6178,0.1936
2026-05-15,NY,0,0,0,0,0,0,0.0,0.0000,10000.00,0.6178,0.1936
2026-05-15,NY,0,0,0,0,0,0,0.0,0.0000,10000.00,0.6178,0.1936
2026-05-15,NY,0,0,0,0,0,0,0.0,0.0000,10000.00,0.6178,0.1936
2026-05-15,NY,0,0,0,0,0,0,0.0,0.0000,10000.00,0.6178,0.1936
2026-05-18,NY,0,0,0,0,0,0,0.0,0.0000,10000.00,0.5159,0.2924
2026-05-18,NY,0,0,0,0,0,0,0.0,0.0000,10000.00,0.5159,0.2924
2026-05-18,NY,0,0,0,0,0,0,0.0,0.0000,10000.00,0.5159,0.2924
2026-05-18,NY,0,0,0,0,0,0,0.0,0.0000,10000.00,0.5159,0.2924
2026-05-18,NY,0,0,0,0,0,0,0.0,0.0000,10000.00,0.5159,0.2924
2026-05-18,NY,0,0,0,0,0,0,0.0,0.0000,10000.00,0.5159,0.2924
2026-05-18,NY,0,0,0,0,0,0,0.0,0.0000,10000.00,0.5159,0.2924
2026-05-19,NY,9,9,0,1,0,1,0.0,0.0000,10000.00,0.5845,0.2737
2026-05-19,NY,0,0,0,0,0,0,0.0,0.0000,10000.00,0.5845,0.2737
2026-05-19,NY,0,0,0,0,0,0,0.0,0.0000,10000.00,0.5845,0.2737
2026-05-19,NY,0,0,0,0,0,0,0.0,0.0000,10000.00,0.5845,0.2737
2026-05-19,NY,0,0,0,0,0,0,0.0,0.0000,10000.00,0.5845,0.2737
2026-05-19,NY,0,0,0,0,0,0,0.0,0.0000,10000.00,0.5845,0.2737
2026-05-19,NY,0,0,0,0,0,0,0.0,0.0000,10000.00,0.5845,0.2737
2026-05-20,NY,15,15,0,15,0,15,0.0,-47.7000,9952.30,0.6020,0.2773
2026-05-20,NY,1,1,0,1,0,1,0.0,-3.8000,9996.20,0.6020,0.2773
2026-05-20,NY,0,0,0,0,0,0,0.0,0.0000,10000.00,0.6020,0.2773
2026-05-20,NY,0,0,0,0,0,0,0.0,0.0000,10000.00,0.6020,0.2773
2026-05-20,NY,0,0,0,0,0,0,0.0,0.0000,10000.00,0.6020,0.2773
2026-05-20,NY,0,0,0,0,0,0,0.0,0.0000,10000.00,0.6020,0.2773
2026-05-20,NY,0,0,0,0,0,0,0.0,0.0000,10000.00,0.6020,0.2773
2026-05-21,NY,27,27,0,24,13,11,54.2,6.7000,10006.70,0.5979,0.3317
2026-05-21,NY,0,0,0,0,0,0,0.0,0.0000,10000.00,0.5979,0.3317
2026-05-21,NY,0,0,0,0,0,0,0.0,0.0000,10000.00,0.5979,0.3317
2026-05-21,NY,0,0,0,0,0,0,0.0,0.0000,10000.00,0.5979,0.3317
2026-05-21,NY,0,0,0,0,0,0,0.0,0.0000,10000.00,0.5979,0.3317
2026-05-21,NY,0,0,0,0,0,0,0.0,0.0000,10000.00,0.5979,0.3317
2026-05-21,NY,0,0,0,0,0,0,0.0,0.0000,10000.00,0.5979,0.3317
2026-05-22,NY,57,57,0,39,1,38,2.6,-67.9000,9932.10,0.6094,0.1786
2026-05-22,NY,1,1,0,0,0,0,0.0,0.0000,10000.00,0.6094,0.1786
2026-05-22,NY,0,0,0,0,0,0,0.0,0.0000,10000.00,0.6094,0.1786
2026-05-22,NY,0,0,0,0,0,0,0.0,0.0000,10000.00,0.6094,0.1786
2026-05-22,NY,0,0,0,0,0,0,0.0,0.0000,10000.00,0.6094,0.1786
2026-05-22,NY,0,0,0,0,0,0,0.0,0.0000,10000.00,0.6094,0.1786
2026-05-22,NY,0,0,0,0,0,0,0.0,0.0000,10000.00,0.6094,0.1786
2026-05-25,NY,21,21,0,13,12,1,92.3,5.0000,10005.00,0.5982,0.3057
2026-05-25,NY,0,0,0,0,0,0,0.0,0.0000,10000.00,0.5982,0.3057
2026-05-25,NY,0,0,0,0,0,0,0.0,0.0000,10000.00,0.5982,0.3057
2026-05-25,NY,0,0,0,0,0,0,0.0,0.0000,10000.00,0.5982,0.3057
2026-05-25,NY,0,0,0,0,0,0,0.0,0.0000,10000.00,0.5982,0.3057
2026-05-25,NY,0,0,0,0,0,0,0.0,0.0000,10000.00,0.5982,0.3057
2026-05-25,NY,0,0,0,0,0,0,0.0,0.0000,10000.00,0.5982,0.3057
2026-05-26,NY,5,5,0,5,0,5,0.0,-12.9000,9987.10,0.5700,0.2656
2026-05-26,NY,0,0,0,0,0,0,0.0,0.0000,10000.00,0.5700,0.2656
2026-05-26,NY,0,0,0,0,0,0,0.0,0.0000,10000.00,0.5700,0.2656
2026-05-26,NY,0,0,0,0,0,0,0.0,0.0000,10000.00,0.5700,0.2656
2026-05-26,NY,0,0,0,0,0,0,0.0,0.0000,10000.00,0.5700,0.2656
2026-05-26,NY,0,0,0,0,0,0,0.0,0.0000,10000.00,0.5700,0.2656
2026-05-26,NY,0,0,0,0,0,0,0.0,0.0000,10000.00,0.5700,0.2656
2026-05-27,NY,56,56,0,52,14,38,26.9,-28.9000,9971.10,0.5862,0.2518
2026-05-27,NY,0,0,0,0,0,0,0.0,0.0000,10000.00,0.5862,0.2518
2026-05-27,NY,0,0,0,0,0,0,0.0,0.0000,10000.00,0.5862,0.2518
2026-05-27,NY,0,0,0,0,0,0,0.0,0.0000,10000.00,0.5862,0.2518
2026-05-27,NY,0,0,0,0,0,0,0.0,0.0000,10000.00,0.5862,0.2518
2026-05-27,NY,0,0,0,0,0,0,0.0,0.0000,10000.00,0.5862,0.2518
2026-05-27,NY,0,0,0,0,0,0,0.0,0.0000,10000.00,0.5862,0.2518
2026-05-28,NY,77,77,0,77,66,11,85.7,73.4000,10073.40,0.6186,0.2387
2026-05-28,NY,7,7,0,7,7,0,100.0,7.9000,10007.90,0.6186,0.2387
2026-05-28,NY,0,0,0,0,0,0,0.0,0.0000,10000.00,0.6186,0.2387
2026-05-28,NY,0,0,0,0,0,0,0.0,0.0000,10000.00,0.6186,0.2387
2026-05-28,NY,0,0,0,0,0,0,0.0,0.0000,10000.00,0.6186,0.2387
2026-05-28,NY,0,0,0,0,0,0,0.0,0.0000,10000.00,0.6186,0.2387
2026-05-28,NY,0,0,0,0,0,0,0.0,0.0000,10000.00,0.6186,0.2387
2026-05-29,NY,3,3,0,3,0,3,0.0,-9.2000,9990.80,0.5539,0.3536
2026-05-29,NY,0,0,0,0,0,0,0.0,0.0000,10000.00,0.5539,0.3536
2026-05-29,NY,0,0,0,0,0,0,0.0,0.0000,10000.00,0.5539,0.3536
2026-05-29,NY,0,0,0,0,0,0,0.0,0.0000,10000.00,0.5539,0.3536
2026-05-29,NY,0,0,0,0,0,0,0.0,0.0000,10000.00,0.5539,0.3536
2026-05-29,NY,0,0,0,0,0,0,0.0,0.0000,10000.00,0.5539,0.3536
2026-05-29,NY,0,0,0,0,0,0,0.0,0.0000,10000.00,0.5539,0.3536
